timestamp,cpu,memory,disk,network_in,network_out,disk_read_bytes,disk_write_bytes,load,process_count
2026-10-04 11:19:52,15.2,81.9,16.1,358982006,53461723,26793871360,34053932032,2.17138671875,403
2026-10-04 11:19:58,50.0,81.8,16.1,359027351,53472933,26794338304,34054095872,1.9970703125,401
2026-10-04 11:20:04,62.2,81.5,16.1,359049818,53473159,26794461184,34054104064,2.15771484375,401
2026-10-04 11:20:10,65.3,81.5,16.1,359095254,53488128,26794551296,34056430592,2.2255859375,401
2026-10-04 11:20:16,6.1,81.7,16.1,359117365,53510716,26794805248,34056520704,1.95703125,402
2026-10-04 11:20:22,4.5,76.5,16.1,359158877,53511008,26795124736,34059360256,1.80029296875,403
2026-10-04 11:20:28,3.5,76.3,16.1,359177527,53511328,26795149312,34059376640,1.65576171875,401
2026-10-04 11:20:34,5.1,76.1,16.1,359225024,53511710,26795190272,34059393024,1.52294921875,401
2026-10-04 11:20:40,3.5,76.2,16.1,359248135,53524500,26795239424,34059433984,1.40087890625,401
2026-10-04 11:20:46,3.5,76.3,16.1,359289084,53524831,26795255808,34059624448,1.18505859375,401
2026-10-04 11:20:52,5.1,76.4,16.1,359398926,53540317,26797172736,34060174336,1.08984375,402
2026-10-04 11:20:58,9.6,76.4,16.1,359448455,53578987,26797230080,34060239872,1.00244140625,402
2026-10-04 11:21:04,6.0,76.4,16.1,359470118,53579147,26797656064,34060264448,0.921875,402
2026-10-04 11:21:10,4.0,76.2,16.1,359510322,53579307,26797836288,34061009920,0.84765625,401
2026-10-04 11:21:16,5.6,76.3,16.1,359549067,53579518,26797860864,34061026304,0.716796875,401
2026-10-04 11:21:22,4.0,76.6,16.1,359598864,53579904,26797885440,34061095936,0.6591796875,401
2026-10-04 11:21:28,5.0,76.5,16.1,359625311,53598607,26798082048,34061366272,0.60595703125,401
2026-10-04 11:21:34,6.5,76.3,16.1,359667114,53599114,26798123008,34061382656,0.55712890625,401
2026-10-04 11:21:40,6.1,76.3,16.1,359690228,53611836,26798336000,34061423616,0.6728515625,401
2026-10-04 11:22:36,11.6,77.3,16.1,360119780,53861346,26798999552,34074432512,1.0859375,404
2026-10-04 11:22:42,39.6,77.6,16.1,360164141,53872365,26828269568,34074745856,1.2392578125,403
2026-10-04 11:22:48,12.2,78.0,16.1,360193881,53956122,26828351488,34076059648,1.1396484375,403
2026-10-04 11:22:54,17.2,78.1,16.1,360246310,54028159,26828408832,34078086144,1.2890625,408
2026-10-04 11:23:00,100.0,77.7,16.1,360267588,54040221,26828572672,34078423040,1.42626953125,407
2026-10-04 11:23:06,100.0,77.8,16.1,360308778,54040447,26828580864,34078439424,1.66259765625,405
2026-10-04 11:23:12,100.0,77.0,16.1,360325490,54040818,26828621824,34079823872,1.68994140625,405
2026-10-04 11:23:18,100.0,77.0,16.1,360353327,54041038,26829867008,34080331776,1.71484375,407
2026-10-04 11:23:24,100.0,77.0,16.1,360375342,54041132,26829899776,34081039360,1.73779296875,405
2026-10-04 11:23:30,100.0,77.2,16.1,360418038,54056254,26830153728,34081227776,1.83935546875,405
2026-10-04 11:23:36,100.0,77.4,16.1,360443561,54056531,26830178304,34081244160,1.86474609375,405
2026-10-04 11:23:42,24.6,77.4,16.1,360482720,54056851,26830202880,34082309120,1.8759765625,403
2026-10-04 11:23:48,33.7,77.2,16.1,360504440,54064464,26830301184,34082502656,1.7255859375,407
2026-10-04 11:23:54,34.7,78.9,16.1,360543712,54076456,26830309376,34082924544,1.748046875,403
