timestamp,cpu,memory,disk,network_in,network_out,load,process_count
2026-10-03 17:25:57,7.1,78.8,15.8,843200497,24053515,1.2265625,405
2026-10-03 17:26:08,66.2,82.2,15.8,843261014,24062218,1.11083984375,405
2026-10-03 17:26:19,4.6,78.6,15.8,843324059,24063008,0.939453125,405
2026-10-03 17:26:30,10.6,78.7,15.8,843389893,24063390,1.08935546875,405
2026-10-03 17:26:41,35.4,79.5,15.8,843464341,24072311,1.216796875,406
2026-10-03 17:26:52,8.0,79.9,15.8,843528960,24073164,1.029296875,406
2026-10-03 17:27:03,8.5,79.6,15.8,843597892,24090067,0.87060546875,404
2026-10-03 17:27:14,5.5,77.3,15.8,843649227,24091179,1.03173828125,406
2026-10-03 17:48:10,22.1,80.2,15.8,1086474097,46049129,1.12841796875,401
2026-10-03 17:48:21,20.7,80.9,15.8,1086568550,46084990,1.47021484375,401
2026-10-03 17:48:32,12.6,81.0,15.8,1086648163,46089250,1.14404296875,401
2026-10-03 17:48:43,49.7,80.7,15.8,1086733082,46114219,0.9677734375,401
2026-10-03 17:48:54,7.1,81.8,15.8,1086808278,46141660,1.0400390625,401
2026-10-03 17:49:05,42.2,81.9,15.8,1086863790,46153125,1.02734375,401
2026-10-03 17:49:16,40.6,81.4,15.8,1086928406,46165880,0.9423828125,402
2026-10-03 17:49:27,15.6,81.6,15.8,1087043170,46209321,1.09619140625,402
2026-10-03 17:49:38,8.1,81.2,15.8,1087094955,46213514,0.92724609375,402
2026-10-03 17:49:49,38.9,77.1,15.8,1087151367,46226628,0.7841796875,401
2026-10-03 17:50:00,19.2,77.5,15.8,1087262996,46238032,0.884765625,400
2026-10-03 17:50:11,29.9,77.7,15.8,1087341048,46257556,1.04296875,400
2026-10-03 17:50:22,10.6,79.1,15.8,1087475391,46274845,1.259765625,400
2026-10-03 17:50:33,9.0,78.9,15.8,1087527594,46279032,1.54638671875,401
2026-10-03 17:50:44,11.0,78.7,15.8,1087626505,46283569,1.30810546875,401
2026-10-03 17:50:55,5.6,78.4,15.8,1087687900,46288647,1.25439453125,401
2026-10-03 17:51:06,4.5,78.5,15.8,1087734285,46292937,1.28271484375,401
2026-10-03 17:51:17,32.8,79.3,15.8,1087806878,46320076,1.15869140625,401
2026-10-03 17:51:28,38.9,80.5,15.8,1087901715,46339673,1.0537109375,401
2026-10-03 17:51:39,36.0,79.5,15.8,1088163919,46355435,1.05224609375,401
2026-10-03 17:51:50,14.1,76.2,15.8,1088212981,46371456,0.89013671875,401
2026-10-03 17:52:01,88.4,81.0,15.8,1089343938,46556292,1.26904296875,403
2026-10-03 17:52:12,44.7,79.6,15.8,1089456014,46592990,1.123046875,401
2026-10-03 17:52:23,25.1,80.1,15.8,1089535606,46630017,0.94970703125,401
2026-10-03 17:52:34,33.5,79.7,15.8,1089629222,46655289,0.80322265625,402
2026-10-03 17:52:45,37.4,79.8,15.8,1089703829,46682478,0.67919921875,402
2026-10-03 17:52:56,16.6,82.2,15.8,1089879707,46778287,0.8828125,402
2026-10-03 17:53:07,13.1,81.7,15.8,1089972294,46800288,0.7607421875,402
2026-10-03 17:53:18,77.3,84.1,15.8,1092204148,46926046,1.4130859375,404
2026-10-03 17:53:29,99.5,87.2,15.8,1098822582,47220939,1.744140625,406
2026-10-03 17:53:40,75.8,82.2,15.8,1102054254,47359352,3.02294921875,409
2026-10-03 17:53:51,91.9,89.8,15.8,1103089620,47378983,2.5576171875,409
2026-10-03 17:54:02,10.3,74.9,15.8,1103209772,47441125,2.32958984375,405
2026-10-03 17:54:13,10.1,75.0,15.8,1103280131,47446744,1.970703125,403
2026-10-03 17:54:24,21.2,78.1,15.8,1103400621,47471573,1.6669921875,403
2026-10-03 17:54:35,11.2,77.7,15.8,1103480392,47477391,1.41015625,403
2026-10-03 17:54:46,8.0,77.8,15.8,1103531724,47489549,1.19287109375,403
2026-10-03 17:54:57,17.3,82.2,15.8,1103662686,47523695,1.22314453125,403
2026-10-03 17:55:08,40.1,86.2,15.8,1103763667,47546760,1.11474609375,403
2026-10-03 17:55:19,15.2,86.5,15.8,1103923068,47558077,0.94287109375,403
2026-10-03 17:55:30,6.0,86.6,15.8,1103932260,47588324,0.9453125,403
2026-10-03 17:55:41,74.9,85.8,15.8,1103965634,47602701,0.79931640625,402
2026-10-03 17:55:52,49.7,87.0,15.8,1104129846,47706242,1.3369140625,402
2026-10-03 17:56:03,9.5,85.2,15.8,1104237154,47720913,1.20458984375,402
2026-10-03 17:56:14,11.6,82.7,15.8,1104322864,47731936,1.01904296875,403
2026-10-03 17:56:25,43.8,87.6,15.8,1104399892,47754670,0.86181640625,403
2026-10-03 17:56:36,57.9,82.4,15.8,1104504170,47759546,0.88330078125,403
2026-10-03 17:56:47,13.6,82.6,15.8,1104573886,47778901,0.8232421875,403
2026-10-03 17:56:58,6.5,82.7,15.8,1104622785,47783678,0.77001953125,403
2026-10-03 17:57:09,6.6,83.1,15.8,1104691905,47789076,0.65087890625,403
2026-10-03 17:57:20,31.2,83.0,15.8,1104769459,47793506,0.7109375,403
2026-10-03 17:57:31,67.3,88.5,15.8,1105111186,47865353,0.8359375,403
2026-10-03 17:57:42,26.3,82.6,15.8,1105178012,47894490,0.7177734375,400
2026-10-03 17:57:53,25.1,88.5,15.8,1105455278,48030873,1.06298828125,401
2026-10-03 17:58:04,12.6,87.8,15.8,1105553721,48038625,0.97265625,401
2026-10-03 17:58:15,16.6,87.4,15.8,1105613719,48057917,0.82275390625,401
2026-10-03 17:58:26,5.5,87.9,15.8,1105671117,48077149,0.69580078125,401
2026-10-03 17:58:37,8.0,86.6,15.8,1105733523,48082354,0.8125,402
2026-10-03 17:58:48,9.5,86.5,15.8,1105842763,48091614,0.8349609375,401
2026-10-03 17:58:59,16.6,89.2,15.8,1105921718,48105197,1.1875,401
2026-10-03 17:59:10,23.1,87.8,15.8,1106092420,48128221,1.3251953125,401
2026-10-03 17:59:21,56.9,87.1,15.8,1106212341,48166599,1.5830078125,401
2026-10-03 17:59:32,46.5,83.2,15.8,1106301859,48198100,2.4892578125,402
2026-10-03 17:59:43,59.2,79.6,15.8,1106380706,48213131,2.7216796875,401
2026-10-03 17:59:54,5.1,79.5,15.8,1106445044,48218908,2.7578125,401
2026-10-03 18:00:05,6.5,79.9,15.8,1106520555,48229114,2.3330078125,401
2026-10-03 18:00:16,13.1,79.7,15.8,1106673136,48245489,1.97412109375,401
2026-10-03 18:00:27,22.4,82.8,15.8,1106761449,48278412,2.3798828125,401
2026-10-03 18:00:38,21.2,81.9,15.8,1106837981,48293214,2.013671875,401
2026-10-03 18:00:49,8.6,82.3,15.8,1106891282,48297809,1.70361328125,401
2026-10-03 18:01:00,18.5,82.6,15.8,1106951815,48302147,1.44140625,401
2026-10-03 18:01:11,5.0,83.7,15.8,1107016240,48307861,1.21923828125,401
2026-10-03 18:01:22,6.5,83.8,15.8,1107072560,48329270,1.22021484375,400
2026-10-03 18:01:33,6.5,83.5,15.8,1107128800,48343724,1.03173828125,400
2026-10-03 18:01:44,59.3,88.5,15.8,1107192678,48353901,1.193359375,400
2026-10-03 18:01:55,9.1,80.8,15.8,1107256866,48359440,1.4521484375,401
2026-10-03 18:02:06,11.6,81.0,15.8,1107321569,48364162,1.22802734375,401
2026-10-03 18:02:17,42.6,82.7,15.8,1107372891,48369148,1.34375,401
2026-10-03 18:02:28,6.0,84.1,15.8,1107454371,48399463,1.13671875,401
2026-10-03 18:02:39,17.8,84.1,15.8,1107522197,48405521,0.96142578125,401
2026-10-03 18:02:50,5.5,83.3,15.8,1107577238,48418366,0.81298828125,401
2026-10-03 18:03:01,5.6,85.0,15.8,1107643349,48431616,0.84814453125,400
2026-10-03 18:03:12,49.5,86.2,15.8,1108031633,48462522,0.65966796875,400
2026-10-03 18:03:23,72.1,86.3,15.8,1108114909,48503959,1.1669921875,400
2026-10-03 18:03:34,61.5,83.3,15.8,1108185770,48528784,1.44921875,405
2026-10-03 18:03:45,58.8,79.4,15.8,1108271368,48543376,1.76806640625,406
2026-10-03 18:03:56,12.1,71.8,15.8,1108353221,48581254,1.970703125,406
2026-10-03 18:04:07,20.2,74.7,15.8,1108418073,48585959,2.35400390625,404
2026-10-03 18:04:18,20.2,76.3,15.8,1108475398,48590795,1.9912109375,405
2026-10-03 18:04:29,19.2,76.4,15.8,1108534115,48608735,1.6845703125,405
2026-10-03 18:04:40,24.0,76.9,15.8,1108618981,48613547,1.90576171875,405
2026-10-03 18:04:51,53.1,76.1,15.8,1108693328,48636161,2.12841796875,405
2026-10-03 18:05:02,8.1,77.4,15.8,1108744008,48647465,2.130859375,405
2026-10-03 18:05:13,11.1,77.2,15.8,1108795900,48655117,1.802734375,405
2026-10-03 18:05:24,11.6,78.5,15.8,1108977714,48667664,2.14111328125,405
2026-10-03 18:05:35,27.6,78.7,15.8,1109065640,48697259,1.884765625,405
2026-10-03 18:05:46,30.5,77.5,15.8,1109116457,48702105,1.59423828125,405
2026-10-03 18:05:57,10.2,78.8,15.8,1109170567,48707360,1.80078125,405
2026-10-03 18:06:08,29.6,78.7,15.8,1109240792,48711505,1.5234375,405
2026-10-03 18:06:19,64.3,78.9,15.8,1109302708,48715930,1.2890625,405
2026-10-03 18:06:30,21.5,79.8,15.8,1109375379,48738202,1.31201171875,405
2026-10-03 18:06:41,10.2,80.0,15.8,1109426420,48748323,1.10986328125,405
2026-10-03 18:06:52,15.7,81.4,15.8,1109503948,48752702,0.9306640625,405
2026-10-03 18:07:04,10.1,81.3,15.8,1109565669,48757537,0.787109375,405
2026-10-03 18:07:15,23.7,80.7,15.8,1109621865,48761998,0.66552734375,405
2026-10-03 18:07:26,51.6,80.6,15.8,1109677385,48766407,0.72314453125,405
2026-10-03 18:07:37,16.2,80.8,15.8,1109739800,48779159,1.31396484375,405
2026-10-03 18:07:48,42.4,80.9,15.8,1109827743,48783756,1.52685546875,405
2026-10-03 18:07:59,11.6,82.8,15.8,1109882972,48788449,1.439453125,405
2026-10-03 18:08:10,39.3,81.5,15.8,1109951009,48792888,1.66015625,405
2026-10-03 18:08:21,16.8,81.5,15.8,1110015468,48797347,1.404296875,405
2026-10-03 18:08:32,24.4,82.6,15.8,1110090557,48815144,1.18798828125,405
2026-10-03 18:08:43,16.1,82.7,15.8,1110141856,48820166,0.9921875,402
2026-10-03 18:08:54,8.6,82.4,15.8,1110193353,48825481,0.83935546875,400
2026-10-03 18:09:05,7.1,82.2,15.8,1110255864,48829857,0.85791015625,399
2026-10-03 18:09:16,48.5,85.1,15.8,1110318227,48834400,0.7255859375,399
2026-10-03 18:09:27,11.1,80.6,15.8,1110378397,48839524,0.90869140625,399
2026-10-03 18:09:38,16.7,80.9,15.8,1110438729,48859136,0.84228515625,398
2026-10-03 18:09:49,7.6,80.9,15.8,1110508754,48863684,1.15478515625,398
2026-10-03 18:10:00,23.4,81.7,15.8,1110585765,48912924,1.12451171875,398
2026-10-03 18:10:11,7.6,81.3,15.8,1110668027,48922073,1.3935546875,397
2026-10-03 18:10:22,37.6,81.4,15.8,1110847106,48953335,1.1787109375,397
2026-10-03 18:10:33,16.0,81.3,15.8,1110923493,48966068,0.9169921875,398
2026-10-03 18:10:44,26.8,81.3,15.8,1110995975,48970222,0.85595703125,398
2026-10-03 18:10:55,4.5,81.1,15.8,1111053322,48974290,0.7978515625,398
2026-10-03 18:11:06,9.6,80.9,15.8,1111105677,48979639,0.7490234375,398
2026-10-03 18:11:17,15.5,81.0,15.8,1111167876,48984828,0.6337890625,398
2026-10-03 18:11:28,14.0,80.2,15.8,1111231522,48989082,0.4931640625,399
2026-10-03 18:11:39,4.5,80.0,15.8,1111302670,49001465,0.4169921875,399
2026-10-03 18:11:50,4.0,80.5,15.8,1111353279,49012382,0.3525390625,399
2026-10-03 18:12:01,13.1,81.0,15.8,1111448926,49016806,0.2978515625,399
2026-10-03 18:12:12,4.5,81.0,15.8,1111559770,49025038,0.251953125,399
2026-10-03 18:12:23,5.0,79.9,15.8,1111641901,49029126,0.4111328125,399
2026-10-03 18:12:34,4.5,79.7,15.8,1111699687,49048458,0.34765625,399
2026-10-03 18:12:45,28.6,81.6,15.8,1111766956,49052551,0.29345703125,399
2026-10-03 18:12:56,8.0,81.7,15.8,1111829666,49057265,0.24755859375,399
2026-10-03 18:13:07,13.0,81.8,15.8,1111907722,49062054,0.208984375,399
2026-10-03 18:13:18,67.3,82.7,15.8,1111955793,49066786,0.61767578125,399
2026-10-03 18:13:29,13.6,82.8,15.8,1112027149,49076620,0.89111328125,399
2026-10-03 18:13:40,8.1,84.1,15.8,1112127924,49098014,0.75341796875,399
2026-10-03 18:13:51,7.6,84.1,15.8,1112203650,49108857,0.63720703125,399
2026-10-03 18:14:02,4.0,85.4,15.8,1112301324,49126102,0.61279296875,399
2026-10-03 18:14:13,17.8,85.5,15.8,1112379750,49130412,1.01318359375,399
2026-10-03 18:14:24,11.1,85.5,15.8,1112455969,49141314,0.85693359375,399
2026-10-03 18:14:35,6.0,84.3,15.8,1112535331,49154071,0.724609375,398
2026-10-03 18:14:46,22.4,84.5,15.8,1112598295,49168067,0.61279296875,398
2026-10-03 18:14:57,9.0,85.7,15.8,1112667449,49175331,0.7587890625,398
2026-10-03 18:15:08,6.5,85.8,15.8,1112749184,49192802,0.58984375,398
2026-10-03 18:15:19,43.1,87.2,15.8,1112918819,49229450,0.65966796875,398
2026-10-03 18:15:30,56.2,83.9,15.8,1112970164,49259746,1.00634765625,398
2026-10-03 18:15:41,16.7,85.3,15.8,1113052852,49279353,0.85107421875,397
2026-10-03 18:15:52,25.9,85.8,15.8,1113117718,49292083,0.95458984375,397
2026-10-03 18:16:03,14.6,85.9,15.8,1113187692,49347222,1.30322265625,397
2026-10-03 18:20:10,50.5,81.3,15.8,1114901728,49552157,0.87890625,403
2026-10-03 18:20:21,24.2,80.7,15.8,1115078350,49571883,0.82373046875,401
2026-10-03 18:20:32,25.1,81.1,15.8,1115156388,49582396,1.09619140625,407
2026-10-03 18:20:43,5.5,83.1,15.8,1115232909,49603932,0.92724609375,407
2026-10-03 18:20:54,27.4,81.6,15.8,1115290481,49608461,0.7841796875,407
2026-10-03 18:21:05,49.5,82.6,15.8,1115349854,49631293,0.6630859375,407
2026-10-03 18:21:16,31.8,82.1,15.8,1115418860,49637534,0.560546875,407
2026-10-03 18:21:27,14.7,82.7,15.8,1115485283,49642229,0.43603515625,403
2026-10-03 18:21:38,63.6,89.1,15.8,1115573412,49675357,0.689453125,401
2026-10-03 18:21:49,48.7,80.5,15.8,1115615915,49680250,0.65673828125,401
2026-10-03 18:22:00,36.5,78.7,15.8,1115690246,49716527,0.55517578125,401
2026-10-03 18:22:11,35.8,79.2,15.8,1115757618,49738185,0.697265625,401
2026-10-03 18:22:22,32.0,79.6,15.8,1115824233,49749601,0.85009765625,401
2026-10-03 18:22:33,5.5,79.8,15.8,1115890239,49754029,0.95947265625,401
2026-10-03 18:22:44,21.2,80.9,15.8,1115954085,49767024,0.8115234375,401
2026-10-03 18:22:55,26.6,80.3,15.8,1116028196,49771113,0.833984375,401
2026-10-03 18:23:06,13.1,79.3,15.8,1116082033,49776007,1.2666015625,401
2026-10-03 18:23:17,10.1,78.9,15.8,1116137706,49780675,0.9853515625,401
2026-10-03 18:23:28,21.6,79.0,15.8,1116206114,49791143,1.07421875,401
2026-10-03 18:23:39,19.0,80.6,15.8,1116269768,49803946,1.22265625,401
2026-10-03 18:23:50,48.7,81.3,15.8,1116556737,49834758,1.556640625,401
2026-10-03 18:24:01,39.4,81.6,15.8,1116623246,49852187,1.46435546875,401
2026-10-03 18:24:12,19.1,80.6,15.8,1116699771,49876110,1.3427734375,401
2026-10-03 18:24:23,14.6,79.3,15.8,1116762801,49880630,1.1357421875,400
2026-10-03 18:24:34,13.5,79.3,15.8,1116826706,49885244,0.96044921875,400
2026-10-03 18:24:45,27.1,79.4,15.8,1116916221,49913668,0.8125,400
2026-10-03 18:24:56,32.8,79.4,15.8,1116988571,49921527,0.68701171875,399
2026-10-03 18:25:07,11.1,79.5,15.8,1117053880,49929531,1.02099609375,399
2026-10-03 18:25:18,19.1,81.1,15.8,1117211724,49966988,0.9443359375,400
2026-10-03 18:25:29,14.5,81.2,15.8,1117281208,49987555,0.798828125,400
2026-10-03 18:25:40,12.2,81.2,15.8,1117354314,50001514,0.67529296875,400
2026-10-03 18:25:51,8.1,82.2,15.8,1117413978,50019062,0.65185546875,400
2026-10-03 18:26:02,21.6,82.9,15.8,1117486264,50023598,0.5068359375,400
2026-10-03 18:26:13,13.0,81.3,15.8,1117546445,50044533,0.42822265625,400
2026-10-03 18:26:24,49.7,81.5,15.8,1117618599,50064575,0.5966796875,400
2026-10-03 18:26:35,10.6,80.0,15.8,1117680122,50069717,0.5849609375,400
2026-10-03 18:26:46,10.6,80.0,15.8,1117738123,50092712,0.49462890625,400
2026-10-03 18:26:57,36.0,82.0,15.8,1117843034,50116113,0.46484375,400
2026-10-03 18:27:08,49.7,82.5,15.8,1118151002,50135849,0.392578125,400
2026-10-03 18:27:19,7.5,81.6,15.8,1118218250,50161382,0.40576171875,400
2026-10-03 18:27:30,11.6,79.6,15.8,1118279228,50183999,0.49072265625,400
2026-10-03 18:27:41,16.8,80.9,15.8,1118372587,50212094,0.4150390625,400
2026-10-03 18:27:52,11.1,80.2,15.8,1118436901,50222641,0.47021484375,400
2026-10-03 18:28:03,11.3,81.2,15.8,1118514772,50260186,0.77294921875,400
2026-10-03 18:28:14,46.2,81.0,15.8,1118587852,50264840,0.8017578125,400
2026-10-03 18:28:25,27.4,80.3,15.8,1118662949,50296804,1.3193359375,400
2026-10-03 18:28:36,11.7,78.8,15.8,1118942634,50306184,1.1162109375,400
2026-10-03 18:28:47,4.0,78.8,15.8,1119025376,50329986,1.00390625,400
2026-10-03 18:28:58,11.1,79.6,15.8,1119085851,50334757,0.84912109375,400
2026-10-03 18:29:09,5.1,79.9,15.8,1119154259,50346631,0.7177734375,400
2026-10-03 18:29:20,3.5,79.8,15.8,1119220054,50367553,0.60693359375,400
2026-10-03 18:29:31,30.8,80.1,15.8,1119293690,50375354,0.51318359375,400
2026-10-03 18:29:42,29.3,79.3,15.8,1119357236,50388526,1.0947265625,400
2026-10-03 18:29:53,18.4,79.2,15.8,1119416680,50399607,1.40673828125,400
2026-10-03 18:30:04,56.9,80.6,15.8,1119499577,50419650,1.4306640625,400
2026-10-03 18:30:15,10.0,80.5,15.8,1119563026,50434709,1.21044921875,400
2026-10-03 18:30:26,6.6,81.0,15.8,1119766621,50440856,1.02392578125,398
2026-10-03 18:30:37,13.6,79.3,15.8,1119880539,50462476,1.32666015625,398
2026-10-03 18:30:48,9.0,79.0,15.8,1119966515,50475168,1.1220703125,398
2026-10-03 18:30:59,30.8,80.2,15.8,1120051164,50495745,1.1767578125,398
2026-10-03 18:31:10,17.7,81.0,15.8,1120325165,50517886,1.15625,398
2026-10-03 18:31:21,19.1,81.3,15.8,1120383220,50522737,1.1318359375,398
2026-10-03 18:31:33,9.5,81.6,15.8,1120447959,50538753,0.88037109375,398
2026-10-03 18:31:44,10.7,81.7,15.8,1120513870,50551195,0.9052734375,398
2026-10-03 18:31:55,13.6,80.3,15.8,1120575448,50571045,0.765625,398
2026-10-03 18:32:06,5.5,80.3,15.8,1120625079,50579681,0.96826171875,398
2026-10-03 18:32:17,15.8,80.4,15.8,1120686631,50585145,0.81884765625,398
2026-10-03 18:32:28,15.6,80.4,15.8,1120752227,50595895,0.705078125,398
2026-10-03 18:32:39,5.5,80.1,15.8,1120808677,50600875,0.59619140625,399
2026-10-03 18:32:50,14.1,80.2,15.8,1120876781,50613105,0.50439453125,399
2026-10-03 18:33:01,9.0,80.1,15.8,1120950860,50617675,0.42626953125,399
2026-10-03 18:33:12,36.9,82.0,15.8,1121031426,50642070,0.50830078125,399
2026-10-03 18:33:23,16.5,83.1,15.8,1121314227,50660111,0.734375,399
2026-10-03 18:33:34,42.3,83.0,15.8,1121371961,50674386,0.7685546875,399
2026-10-03 18:33:45,15.7,78.9,15.8,1121444098,50693513,0.73046875,399
2026-10-03 18:33:56,18.5,78.5,15.8,1121517934,50698038,0.8583984375,399
2026-10-03 18:34:07,20.4,78.5,15.8,1121685253,50755058,0.88671875,399
2026-10-03 18:34:18,18.0,78.5,15.8,1121733505,50760058,0.89306640625,399
2026-10-03 18:34:29,9.6,78.7,15.8,1121811396,50771197,0.75537109375,399
2026-10-03 18:34:40,25.6,80.2,15.8,1121876954,50782322,0.7197265625,400
2026-10-03 18:34:51,13.6,78.2,15.8,1121956357,50809702,0.6083984375,400
2026-10-03 18:35:02,8.5,77.9,15.8,1122013285,50815032,0.5146484375,400
2026-10-03 18:35:13,40.6,77.4,15.8,1122136876,50843503,0.62890625,400
2026-10-03 18:35:24,12.2,77.3,15.8,1122292461,50853417,0.53173828125,400
2026-10-03 18:35:35,5.1,77.7,15.8,1122359355,50874108,0.44921875,400
2026-10-03 18:35:46,8.1,77.8,15.8,1122421941,50887335,0.3798828125,400
2026-10-03 18:35:57,14.0,77.4,15.8,1122479006,50891931,0.8017578125,399
2026-10-03 18:36:08,12.2,77.5,15.8,1122541445,50896588,0.8271484375,399
2026-10-03 18:36:19,8.1,77.7,15.8,1122599845,50901017,0.69970703125,399
2026-10-03 18:36:30,3.5,78.8,15.8,1122650758,50906130,0.591796875,399
2026-10-03 18:36:41,11.2,83.3,15.8,1122711622,50916561,0.5,399
2026-10-03 18:36:52,9.0,83.1,15.8,1122774553,50929662,0.4228515625,399
2026-10-03 18:37:03,11.0,81.6,15.8,1122834828,50934213,0.40283203125,399
2026-10-03 18:37:14,20.0,82.0,15.8,1123129625,50963234,0.34033203125,399
2026-10-03 18:37:25,14.1,81.9,15.8,1123196508,50968044,0.28759765625,399
2026-10-03 18:37:36,29.1,81.8,15.8,1123272606,50996191,0.4833984375,399
2026-10-03 18:37:47,10.6,81.3,15.8,1123584951,51029607,0.5693359375,399
2026-10-03 18:37:58,9.6,80.3,15.8,1123648277,51034623,0.59033203125,398
2026-10-03 18:38:09,6.1,78.6,15.8,1123712651,51049900,0.720703125,398
2026-10-03 18:38:20,10.1,79.9,15.8,1123785072,51066397,0.609375,398
2026-10-03 18:38:31,31.3,80.1,15.8,1123859524,51089093,0.67626953125,399
2026-10-03 18:38:42,14.6,81.2,15.8,1124161043,51133699,0.8740234375,399
2026-10-03 18:38:53,12.6,79.5,15.8,1124229407,51146175,0.6796875,399
2026-10-03 18:39:04,36.2,78.2,15.8,1124299044,51163142,0.64892578125,399
2026-10-03 18:39:15,33.3,77.8,15.8,1124361758,51167918,0.6962890625,399
2026-10-03 18:39:26,81.6,81.4,15.8,1124406463,51187086,0.66943359375,399
2026-10-03 18:39:37,55.3,86.4,15.8,1124580858,51277722,1.1884765625,399
2026-10-03 18:39:48,89.1,89.6,15.8,1124705171,51350347,1.39892578125,399
2026-10-03 18:39:59,79.4,83.5,15.8,1124950271,51425636,2.53857421875,399
2026-10-03 18:40:10,80.5,85.7,15.8,1125244117,51583069,2.8173828125,399
2026-10-03 18:40:21,69.0,90.0,15.8,1125843462,51699880,2.3837890625,399
2026-10-03 18:40:32,70.6,84.6,15.8,1125989621,51785173,2.4658203125,402
2026-10-03 18:40:43,89.7,87.2,15.8,1126071128,51797349,2.7021484375,402
2026-10-03 18:40:54,11.6,87.8,15.8,1126126084,51810403,2.7412109375,402
2026-10-03 18:41:05,15.7,87.2,15.8,1126197133,51819782,2.3193359375,401
2026-10-03 18:41:16,42.0,83.3,15.8,1126260863,51824348,2.36328125,400
2026-10-03 18:41:27,36.7,81.4,15.8,1126322357,51829622,2.14697265625,400
2026-10-03 18:41:38,4.5,81.6,15.8,1126374242,51834008,1.6708984375,400
2026-10-03 18:41:49,5.5,80.9,15.8,1126454615,51869022,1.48681640625,399
2026-10-03 18:42:00,9.0,81.2,15.8,1126533910,51873428,1.2578125,399
2026-10-03 18:42:11,8.6,82.9,15.8,1126611590,51877748,1.52587890625,399
2026-10-03 18:42:22,58.4,88.6,15.8,1126687957,51882830,1.3642578125,399
2026-10-03 18:42:33,3.5,79.6,15.8,1126749506,51888067,1.67138671875,399
2026-10-03 18:42:44,7.5,80.1,15.8,1126814657,51894213,1.41357421875,399
2026-10-03 18:42:55,29.6,81.2,15.8,1126940857,51922003,1.26953125,398
2026-10-03 18:43:06,12.5,84.7,15.8,1126986357,51943008,1.07373046875,398
2026-10-03 18:43:17,14.6,85.0,15.8,1127060411,51948302,1.36376953125,398
2026-10-03 18:43:28,9.0,84.8,15.8,1127138241,51953163,1.06103515625,397
2026-10-03 18:43:39,10.1,84.5,15.8,1127206342,51957648,0.8974609375,397
2026-10-03 18:43:50,6.5,84.2,15.8,1127256027,51985777,0.7587890625,397
2026-10-03 18:44:01,15.1,84.6,15.8,1127322109,51994377,0.6416015625,398
2026-10-03 18:44:12,6.1,84.4,15.8,1127389050,51998847,0.54248046875,398
2026-10-03 18:44:23,20.2,85.1,15.8,1127453597,52003305,0.421875,398
2026-10-03 18:44:34,5.0,80.1,15.8,1127498558,52007887,0.57763671875,398
2026-10-03 18:44:45,29.8,82.0,15.8,1127592436,52028876,0.88330078125,398
2026-10-03 18:44:56,4.0,83.1,15.8,1127899394,52080874,0.7470703125,398
2026-10-03 18:45:07,6.5,83.5,15.8,1127965785,52103771,0.85302734375,398
2026-10-03 18:45:18,11.8,85.4,15.8,1128056451,52144273,0.73193359375,398
2026-10-03 18:45:29,31.5,85.7,15.8,1128227325,52201255,0.61865234375,398
2026-10-03 18:45:40,18.9,83.6,15.8,1128290568,52251594,0.97900390625,397
2026-10-03 18:45:51,32.3,82.9,15.8,1128398952,52278912,0.828125,397
2026-10-03 18:46:02,5.0,82.4,15.8,1128465240,52324618,0.70068359375,398
2026-10-03 18:46:13,10.1,83.5,15.8,1128523063,52335855,1.27685546875,398
2026-10-03 18:46:24,25.3,84.1,15.8,1128584306,52341079,1.080078125,398
2026-10-03 18:46:35,12.2,80.1,15.8,1128658722,52349414,0.91357421875,398
2026-10-04 08:50:22,99.0,20.2,15.8,2451,2056,0.16015625,341
2026-10-04 08:50:29,3.0,29.5,15.8,7618,10744,0.82080078125,362
2026-10-04 08:50:41,98.9,36.6,15.8,9145,13281,1.98583984375,430
2026-10-04 08:50:52,29.5,44.6,15.8,51714,25599,2.8115234375,393
2026-10-04 08:51:03,11.2,49.4,15.8,58582,27659,2.75390625,395
2026-10-04 08:51:14,93.8,62.2,15.8,2117338,820173,2.5576171875,407
2026-10-04 08:51:25,81.1,64.5,15.8,7987509,1595253,3.31982421875,409
2026-10-04 08:51:36,86.4,66.8,15.8,8449893,1803172,2.80908203125,409
2026-10-04 08:51:47,100.0,77.6,15.8,18140693,2163759,3.046875,412
2026-10-04 08:51:58,64.5,76.5,15.9,22315582,2551351,3.548828125,414
2026-10-04 08:52:09,52.0,78.3,15.9,27038572,2751024,3.16259765625,414
2026-10-04 08:52:20,68.3,73.1,15.8,30133163,3061214,2.6083984375,413
2026-10-04 08:52:31,98.5,77.5,15.9,33401807,3346472,3.73876953125,413
2026-10-04 08:52:42,100.0,78.1,15.9,37519371,3594332,5.0029296875,414
2026-10-04 08:52:53,91.5,80.2,15.9,78511734,4660664,6.1943359375,413
2026-10-04 08:53:04,16.4,73.2,16.0,110470752,5478054,5.7578125,413
2026-10-04 08:53:15,38.0,75.5,16.1,192350066,7221383,4.5615234375,413
2026-10-04 08:53:26,37.2,76.8,16.1,211098501,7543783,4.08056640625,413
2026-10-04 08:53:37,3.5,75.2,16.1,211189577,7566165,3.45263671875,413
2026-10-04 08:53:48,6.0,75.1,16.1,211272552,7578567,2.92138671875,413
2026-10-04 08:53:59,6.0,74.3,16.1,211340983,7579431,2.2734375,413
2026-10-04 08:54:10,7.0,74.2,16.1,211420989,7579847,1.923828125,413
2026-10-04 08:54:21,95.0,76.6,16.1,211752678,7627512,2.2685546875,413
2026-10-04 08:54:32,91.5,84.1,16.1,213832919,7813189,2.146484375,413
2026-10-04 08:54:43,4.0,81.7,16.1,215041354,7916028,1.81591796875,413
2026-10-04 08:54:54,5.5,80.0,16.1,215106072,7917570,1.4130859375,413
2026-10-04 08:55:05,14.6,78.0,16.1,215154230,7921248,1.1953125,413
2026-10-04 08:55:16,2.5,73.5,16.1,215212984,7921458,1.0107421875,413
2026-10-04 08:55:27,2.0,73.4,16.1,215289680,7925477,0.85498046875,413
2026-10-04 08:55:38,5.5,73.4,16.1,215351107,7926212,0.72314453125,413
2026-10-04 08:55:49,27.0,72.9,16.1,215392965,7926583,0.56201171875,383
2026-10-04 08:56:00,19.2,72.7,16.1,215455906,7926673,1.0234375,383
2026-10-04 08:56:11,29.4,74.4,16.1,215684212,8004005,1.609375,381
2026-10-04 08:56:22,84.3,84.1,16.1,216443910,8152366,1.44189453125,381
2026-10-04 08:56:33,13.6,81.7,16.1,216935554,8326277,1.90283203125,381
2026-10-04 08:56:44,5.1,80.2,16.1,217005294,8333172,1.48046875,380
2026-10-04 08:56:55,26.9,80.0,16.1,217066527,8333172,1.25244140625,380
2026-10-04 08:57:06,16.7,80.1,16.1,217138623,8337379,1.0595703125,380
2026-10-04 08:57:17,15.1,79.8,16.1,217187552,8356558,0.896484375,380
2026-10-04 08:57:28,11.6,81.0,16.1,217287569,8377151,0.91845703125,378
2026-10-04 08:57:39,23.9,75.6,16.1,217357864,8399699,0.93603515625,378
2026-10-04 08:57:50,17.3,75.7,16.1,217421862,8405704,0.79150390625,378
2026-10-04 08:58:01,12.6,77.1,16.1,217469601,8408611,0.8173828125,378
2026-10-04 08:58:12,28.1,75.8,16.1,217525485,8409109,1.091796875,378
2026-10-04 08:58:23,48.2,76.3,16.1,217593179,8423983,1.0712890625,378
2026-10-04 08:58:34,10.1,65.9,16.1,217656445,8431086,0.83349609375,378
2026-10-04 08:58:45,21.2,65.8,16.1,217703007,8431391,0.705078125,378
2026-10-04 08:58:56,17.2,70.6,16.1,217943875,8561202,1.14501953125,378
2026-10-04 08:59:07,43.4,78.2,16.1,219137295,8696733,1.44970703125,379
2026-10-04 08:59:18,42.9,77.5,16.1,219557553,8762775,1.2265625,379
2026-10-04 08:59:29,94.7,77.4,16.1,219608112,8776334,2.13134765625,393
2026-10-04 08:59:40,99.5,82.1,16.1,219816929,8829180,3.421875,396
2026-10-04 08:59:51,65.2,77.9,16.1,220094552,12057747,4.76025390625,397
2026-10-04 09:00:02,50.8,78.3,16.1,220457751,12462670,4.02783203125,396
2026-10-04 09:00:13,9.6,78.5,16.1,220590108,12589766,3.56201171875,396
2026-10-04 09:00:24,97.5,78.8,16.1,220675227,14188145,3.5283203125,400
2026-10-04 09:00:35,69.9,72.4,16.1,221201354,16021496,3.1455078125,401
2026-10-04 09:00:46,8.5,72.5,16.1,221291877,16045368,2.66162109375,398
2026-10-04 09:00:57,11.9,69.6,16.1,221355525,16051200,2.57275390625,398
2026-10-04 09:01:08,17.0,66.2,16.1,221412666,16052373,2.32421875,399
2026-10-04 09:01:19,11.1,66.3,16.1,221479777,16058509,1.9501953125,397
2026-10-04 09:01:30,10.6,66.5,16.1,221541342,16058911,2.130859375,397
2026-10-04 09:01:41,50.8,68.6,16.1,221627758,16136536,2.04345703125,399
2026-10-04 09:01:52,9.0,67.7,16.1,221740701,16268286,1.728515625,400
2026-10-04 09:02:03,4.5,66.2,16.1,221814557,16284057,1.46240234375,396
2026-10-04 09:02:14,4.0,67.2,16.1,221876039,16287642,1.13818359375,396
2026-10-04 09:02:25,25.5,67.1,16.1,221922531,16287942,0.962890625,398
2026-10-04 09:02:36,11.7,66.8,16.1,221979517,16290009,0.97509765625,398
2026-10-04 09:02:47,5.1,67.4,16.1,222053703,16321945,1.19384765625,398
2026-10-04 09:02:58,4.0,67.5,16.1,222114690,16322308,1.08349609375,396
2026-10-04 09:03:09,14.6,68.1,16.1,222174954,16322518,0.99072265625,396
2026-10-04 09:03:20,26.7,73.0,16.1,223060187,16444844,1.50146484375,396
2026-10-04 09:03:31,17.9,72.4,16.1,223170679,16467972,1.6708984375,395
2026-10-04 09:03:42,30.2,73.4,16.1,223379290,16542205,1.78857421875,394
2026-10-04 09:03:53,55.0,76.2,16.1,223444767,16588694,1.59326171875,394
2026-10-04 09:04:04,39.6,77.9,16.1,223720185,16605295,1.30712890625,394
2026-10-04 09:04:15,13.1,77.4,16.1,223852313,16606433,1.25341796875,395
2026-10-04 09:04:26,9.6,77.7,16.1,223918259,16616742,1.06005859375,394
2026-10-04 09:04:37,12.2,77.2,16.1,223964859,16617662,0.89697265625,394
2026-10-04 09:04:48,34.0,78.3,16.1,224117988,16643715,0.9990234375,394
2026-10-04 09:04:59,45.5,79.0,16.1,224212342,16662935,0.77734375,393
2026-10-04 09:05:10,16.0,79.4,16.1,224582265,16736999,0.6572265625,393
2026-10-04 09:05:21,33.7,78.3,16.1,224630594,16741648,0.85107421875,394
2026-10-04 09:05:32,19.4,78.3,16.1,224685743,16741924,0.7197265625,394
2026-10-04 09:05:43,16.1,78.3,16.1,224758627,16767316,0.6083984375,394
2026-10-04 09:05:54,11.2,78.8,16.1,224820454,16772045,0.5537109375,394
2026-10-04 09:06:05,25.8,78.6,16.1,224890826,16773368,0.68994140625,394
2026-10-04 09:06:16,35.2,77.4,16.1,224978799,16826727,0.5830078125,394
2026-10-04 09:06:27,53.8,78.4,16.1,225044760,16833775,0.640625,394
2026-10-04 09:06:38,11.0,78.4,16.1,225138525,16839100,0.98388671875,394
2026-10-04 09:06:49,6.0,78.4,16.1,225190799,16846682,0.96923828125,393
2026-10-04 09:07:00,4.5,78.6,16.1,225246230,16846814,0.81982421875,393
2026-10-04 09:07:11,14.1,78.6,16.1,225308728,16851042,0.693359375,393
2026-10-04 09:07:22,32.0,78.5,16.1,225369847,16851108,0.97509765625,393
2026-10-04 09:07:33,45.9,78.5,16.1,225654980,16898133,0.82470703125,393
2026-10-04 09:07:44,57.1,80.4,16.1,226509710,17148377,1.5029296875,395
2026-10-04 09:07:55,21.6,84.1,16.1,227621947,17296039,1.42529296875,397
2026-10-04 09:08:06,15.2,83.2,16.1,227719913,17318835,1.43994140625,397
2026-10-04 09:08:17,5.5,82.4,16.1,227891315,17351467,1.37158203125,398
2026-10-04 09:08:28,52.3,82.5,16.1,227966558,17369027,1.53564453125,398
2026-10-04 09:08:39,5.1,81.9,16.1,228077247,17385731,1.68798828125,398
2026-10-04 09:08:50,8.6,82.1,16.1,228142623,17389400,1.58203125,398
2026-10-04 09:09:01,25.0,82.7,16.1,228547126,17467844,1.787109375,398
2026-10-04 09:09:12,3.0,82.5,16.1,228606087,17482882,1.90625,397
2026-10-04 09:09:23,56.6,79.8,16.1,229526723,17661258,2.00732421875,395
2026-10-04 09:09:34,81.4,84.3,16.1,236126013,18150763,2.71337890625,395
2026-10-04 09:09:45,15.1,83.9,16.1,236682187,18637255,2.91845703125,395
2026-10-04 09:09:56,15.2,84.0,16.1,236926842,19303845,2.8447265625,396
2026-10-04 09:10:07,53.0,85.0,16.1,237021628,19452392,2.560546875,396
2026-10-04 09:10:18,13.8,86.9,16.1,238542949,20108165,2.78271484375,396
2026-10-04 09:10:29,16.3,87.4,16.1,238713456,20435673,2.53515625,396
2026-10-04 09:10:40,75.6,87.3,16.1,238895642,20604831,2.8408203125,396
2026-10-04 09:10:51,21.7,87.8,16.1,238976195,20637533,2.5576171875,396
2026-10-04 09:11:02,40.1,87.0,16.1,239284954,20758063,2.39794921875,396
2026-10-04 09:11:13,73.2,91.0,16.1,239480297,20864439,2.34326171875,396
2026-10-04 09:11:24,31.7,78.9,16.1,239829288,20959811,2.43359375,396
2026-10-04 09:11:35,22.2,78.6,16.1,239910429,21066973,2.453125,396
2026-10-04 09:11:46,21.9,80.2,16.1,240087032,21189956,2.1552734375,396
2026-10-04 09:11:57,28.8,79.1,16.1,240146128,21206355,1.8232421875,396
2026-10-04 09:12:08,17.1,79.6,16.1,240305600,21297111,1.61572265625,396
2026-10-04 09:12:19,8.6,78.5,16.1,240370567,21307374,1.47900390625,396
2026-10-04 09:12:30,24.6,77.1,16.1,240441288,21327010,1.39892578125,396
2026-10-04 09:12:41,73.2,78.6,16.1,240629579,21484973,1.6640625,396
2026-10-04 09:12:52,21.1,78.7,16.1,240705442,21510829,1.40771484375,396
2026-10-04 09:13:03,8.6,78.2,16.1,240797804,21543290,1.58544921875,395
2026-10-04 09:13:14,10.1,78.2,16.1,240909434,21549714,1.369140625,394
2026-10-04 09:13:25,13.1,78.0,16.1,240995272,21550178,1.158203125,394
2026-10-04 09:13:36,36.5,77.5,16.1,241068921,21602419,0.97998046875,394
2026-10-04 09:13:47,24.6,81.1,16.1,241145574,21644208,1.21728515625,394
2026-10-04 09:13:58,7.6,81.1,16.1,241542400,21683950,1.34423828125,395
2026-10-04 09:14:09,99.0,84.2,16.1,243408720,21814136,1.8525390625,395
2026-10-04 09:14:20,66.0,83.0,16.1,246006617,21966550,1.72119140625,397
2026-10-04 09:14:31,13.1,79.1,16.1,246099873,21983250,1.68408203125,397
2026-10-04 09:14:42,13.6,77.0,16.1,246296801,22000416,1.572265625,401
2026-10-04 09:14:53,16.2,76.5,16.1,246361327,22009329,1.41015625,398
2026-10-04 09:15:04,15.4,76.1,16.1,246411414,22010487,1.09716796875,398
2026-10-04 09:15:15,17.7,76.7,16.1,246486510,22058501,1.076171875,398
2026-10-04 09:15:26,33.2,78.8,16.1,246638421,22115282,1.23095703125,398
2026-10-04 09:15:37,9.2,79.2,16.1,246728490,22224710,1.04150390625,398
2026-10-04 09:15:48,13.6,78.3,16.1,246774898,22226704,1.39697265625,398
2026-10-04 09:15:59,13.6,75.7,16.1,246839282,22245487,1.44384765625,402
2026-10-04 09:16:10,57.8,76.1,16.1,246906931,22252078,1.3017578125,402
2026-10-04 09:16:21,21.7,76.1,16.1,246992270,22262940,1.10107421875,402
2026-10-04 09:16:32,7.1,76.6,16.1,247072321,22290937,1.091796875,402
2026-10-04 09:16:43,45.9,75.8,16.1,247147360,22325494,1.32421875,402
2026-10-04 09:16:54,27.9,76.9,16.1,247228700,22326474,1.25146484375,402
2026-10-04 09:17:05,63.5,76.3,16.1,247294267,22352923,1.21923828125,402
2026-10-04 09:17:16,51.5,77.8,16.1,247438260,22429451,1.345703125,402
2026-10-04 09:17:27,8.0,76.5,16.1,247508733,22455025,1.138671875,402
2026-10-04 09:17:38,12.6,76.1,16.1,247573095,22503102,0.96337890625,402
2026-10-04 09:17:49,54.1,76.5,16.1,247639529,22532989,1.75830078125,402
2026-10-04 09:18:00,21.8,76.8,16.1,247700991,22572034,2.3720703125,402
2026-10-04 09:18:11,17.6,76.7,16.1,247792597,22597277,2.24755859375,402
2026-10-04 09:18:22,11.6,77.6,16.1,247982608,22679923,2.36962890625,402
2026-10-04 09:18:33,16.8,78.5,16.1,248061393,22703789,2.07861328125,402
2026-10-04 09:18:44,8.5,77.9,16.1,248113646,22758192,1.61767578125,402
2026-10-04 09:18:55,32.8,78.5,16.1,248214181,22781006,1.36865234375,401
2026-10-04 09:19:06,21.2,78.2,16.1,248815227,23032938,1.478515625,404
2026-10-04 09:19:17,28.3,78.1,16.1,248877081,23069847,1.25048828125,404
2026-10-04 09:19:28,36.0,76.9,16.1,248927574,23071103,1.51953125,405
2026-10-04 09:19:39,36.4,76.5,16.1,249039133,23117225,1.953125,405
2026-10-04 09:19:50,75.6,73.4,16.1,249213423,23123181,2.041015625,404
2026-10-04 09:20:01,11.2,75.1,16.1,249279933,23131075,1.72705078125,404
2026-10-04 09:20:12,21.9,75.8,16.1,249325432,23131461,1.4609375,404
2026-10-04 09:20:23,56.1,75.6,16.1,249388254,23162713,1.23583984375,403
2026-10-04 09:20:34,13.1,75.6,16.1,249462271,23174385,1.2021484375,403
2026-10-04 09:20:45,31.6,76.2,16.1,249566527,23187547,1.4912109375,403
2026-10-04 09:20:56,100.0,76.1,16.1,249631470,23212458,1.42236328125,405
2026-10-04 09:21:07,100.0,76.2,16.1,249698632,23213334,1.51171875,405
2026-10-04 09:21:18,100.0,76.4,16.1,249760854,23223894,1.98779296875,405
2026-10-04 09:21:29,100.0,76.5,16.1,249857677,23231924,2.064453125,405
2026-10-04 09:21:40,100.0,77.6,16.1,250110552,23310207,2.05419921875,405
2026-10-04 09:21:51,100.0,78.5,16.1,250185541,23383903,2.3408203125,405
2026-10-04 09:22:02,11.1,78.8,16.1,250262562,23495537,2.2880859375,403
2026-10-04 09:22:13,5.6,78.8,16.1,250324466,23501897,1.935546875,404
2026-10-04 09:22:24,16.6,78.3,16.1,250418941,23522247,1.580078125,404
2026-10-04 09:22:35,17.9,78.9,16.1,250488642,23555311,1.55810546875,404
2026-10-04 09:22:46,47.0,78.7,16.1,250551037,23556168,1.31787109375,404
2026-10-04 09:22:57,31.1,78.1,16.1,250708452,23650216,1.1884765625,404
2026-10-04 09:23:08,7.5,76.8,16.1,250767121,23654573,1.00537109375,404
2026-10-04 09:23:19,16.1,77.5,16.1,250834163,23665160,0.85009765625,404
2026-10-04 09:23:30,11.1,76.5,16.1,250918789,23686593,0.71875,404
2026-10-04 09:23:41,7.6,77.0,16.1,250986422,23737724,0.60791015625,404
2026-10-04 09:23:52,54.4,78.5,16.1,251131602,23819443,0.80908203125,404
2026-10-04 09:24:03,6.5,77.5,16.1,251200095,23865435,0.8447265625,404
2026-10-04 09:24:14,36.4,77.1,16.1,251261756,23866229,1.1689453125,403
2026-10-04 09:24:25,70.4,77.3,16.1,251330292,23913500,0.98876953125,403
2026-10-04 09:24:36,27.3,77.4,16.1,251420404,23960686,1.95166015625,403
2026-10-04 09:24:47,15.2,78.9,16.1,251671498,24045400,1.724609375,402
2026-10-04 09:24:58,15.9,74.5,16.1,251749719,24127156,1.5390625,402
2026-10-04 09:25:09,46.0,75.0,16.1,251887416,24186139,1.35791015625,402
2026-10-04 09:25:20,27.3,75.1,16.1,251969178,24244084,1.14892578125,402
2026-10-04 09:25:31,41.3,75.5,16.1,252040187,24310754,0.9716796875,402
2026-10-04 09:25:42,38.4,75.4,16.1,252124547,24337261,1.04296875,402
2026-10-04 09:25:53,29.7,77.7,16.1,252277555,24415421,1.03564453125,402
2026-10-04 09:26:04,64.5,74.5,16.1,252356277,24462886,0.88623046875,402
2026-10-04 09:26:15,58.5,74.9,16.1,252427437,24522669,0.74951171875,402
2026-10-04 09:26:26,19.7,74.5,16.1,252547204,24574385,0.6337890625,402
2026-10-04 09:26:37,52.6,76.3,16.1,252721634,24653482,1.13232421875,402
2026-10-04 09:26:48,24.4,76.4,16.1,252777950,24696114,1.59912109375,402
2026-10-04 09:26:59,22.3,76.0,16.1,252845320,24753366,1.244140625,402
2026-10-04 09:27:10,8.0,76.0,16.1,252912472,24786201,1.05224609375,400
2026-10-04 09:27:21,7.6,75.8,16.1,252986507,24811040,1.130859375,400
2026-10-04 09:27:32,18.6,76.4,16.1,253131694,24891892,1.0302734375,400
2026-10-04 09:27:43,33.8,74.9,16.1,253197969,24943916,0.87158203125,400
2026-10-04 09:27:54,25.8,75.0,16.1,253301470,24962252,1.25146484375,400
2026-10-04 09:28:05,41.1,75.0,16.1,253382685,24968854,1.05859375,400
2026-10-04 09:28:16,20.3,75.1,16.1,253430299,24969074,0.97607421875,400
2026-10-04 09:28:27,30.7,74.7,16.1,253494101,24979805,1.42138671875,400
2026-10-04 09:28:38,19.4,77.9,16.1,253561462,25008664,1.8720703125,401
2026-10-04 09:28:49,19.2,78.3,16.1,253634638,25009206,2.04638671875,401
2026-10-04 09:29:00,35.4,78.7,16.1,253687099,25031499,2.13232421875,401
2026-10-04 09:29:11,8.0,80.8,16.1,253847496,25101452,2.1728515625,401
2026-10-04 09:29:22,5.5,80.9,16.1,253914722,25115578,1.9853515625,402
2026-10-04 09:29:33,38.9,80.9,16.1,253993975,25157996,1.9013671875,402
2026-10-04 09:29:44,22.1,81.0,16.1,254140478,25217422,1.5537109375,402
2026-10-04 09:29:55,21.4,81.7,16.1,254343315,25301799,1.38818359375,401
2026-10-04 09:30:06,35.2,79.4,16.1,254417094,25326591,1.39599609375,402
2026-10-04 09:30:17,54.8,79.6,16.1,254478677,25337326,1.18115234375,402
2026-10-04 09:30:28,27.3,79.3,16.1,254535335,25433386,1.8681640625,402
2026-10-04 09:30:39,42.6,79.5,16.1,254672978,25472180,1.53369140625,402
2026-10-04 09:30:50,23.7,79.7,16.1,254850051,25557899,1.29736328125,402
2026-10-04 09:31:01,35.5,78.9,16.1,254928445,25607991,1.09765625,402
