timestamp,cpu,memory,disk,network_in_rate,network_out_rate,disk_read_rate,disk_write_rate,load,process_count,label,anomaly_type
2026-10-04 10:44:31,13.6,80.3,16.1,0.0,0.0,0.0,0.0,0.86669921875,401,0,normal
2026-10-04 10:44:37,7.5,79.9,16.1,6278.333333333333,1258.6666666666667,922965.3333333334,204117.33333333334,0.796875,399,0,normal
2026-10-04 10:44:43,36.2,79.8,16.1,4494.5,108.5,8192.0,2730.6666666666665,0.73291015625,399,0,normal
2026-10-04 10:44:49,8.1,79.7,16.1,7801.833333333333,11206.333333333334,15018.666666666666,255829.33333333334,0.673828125,399,0,normal
2026-10-04 10:46:41,24.0,78.4,16.1,6902.285714285715,2409.723214285714,19529.14285714286,37615762.28571428,0.5517578125,400,0,normal
2026-10-04 10:46:47,10.1,78.2,16.1,6445.333333333333,1212.5,4096.0,10069.333333333334,0.50732421875,398,0,normal
2026-10-04 10:46:53,4.0,78.2,16.1,4774.833333333333,57.666666666666664,1365.3333333333333,0.0,0.46630859375,398,0,normal
2026-10-04 10:46:59,70.7,79.3,16.1,7792.166666666667,3247.1666666666665,4608000.0,66901.33333333333,0.4287109375,398,0,normal
2026-10-04 10:47:05,43.8,79.1,16.1,4860.833333333333,3673.5,9805824.0,29866.666666666668,0.39404296875,399,0,normal
2026-10-04 10:47:11,14.1,78.5,16.1,7808.333333333333,8221.833333333334,404138.6666666667,2404693.3333333335,0.78857421875,401,0,normal
2026-10-04 10:47:17,71.1,79.2,19.2,4993.166666666667,4326.166666666667,611669.3333333334,699664725.3333334,0.8056640625,400,0,normal
2026-10-04 10:47:23,75.9,79.7,19.2,6357.666666666667,712.3333333333334,491520.0,1183914.6666666667,0.74072265625,399,0,normal
2026-10-04 10:47:29,35.4,77.4,19.2,6271.833333333333,4901.5,679936.0,9243306.666666666,0.921875,400,0,normal
2026-10-04 10:47:35,25.3,77.5,19.2,8487.333333333334,1805.1666666666667,24576.0,103424.0,0.84765625,401,0,normal
2026-10-04 10:47:41,22.8,77.8,19.2,7132.666666666667,2814.5,1365.3333333333333,327680.0,1.01171875,402,0,normal
2026-10-04 10:47:47,11.6,77.7,19.2,10313.666666666666,11.0,4096.0,11264.0,0.9306640625,400,0,normal
2026-10-04 10:47:53,21.4,77.6,19.2,4382.833333333333,143.16666666666666,1505962.6666666667,97792.0,0.85595703125,400,0,normal
2026-10-04 10:51:53,21.5,77.9,16.1,8345.2875,4746.791666666667,422263.4666666667,743569.0666666667,1.53466796875,406,0,normal
2026-10-04 10:51:59,18.1,77.7,16.1,6188.666666666667,1943.6666666666667,228010.66666666666,20309.333333333332,1.49169921875,402,0,normal
2026-10-04 10:52:05,9.7,77.6,16.1,5121.333333333333,63.666666666666664,271701.3333333333,19285.333333333332,1.4521484375,402,0,normal
2026-10-04 10:52:11,19.7,77.6,16.1,6237.5,2202.6666666666665,4143786.6666666665,229546.66666666666,1.4560546875,402,0,normal
2026-10-04 10:52:17,6.1,77.9,16.1,5273.166666666667,65.5,5461.333333333333,0.0,1.41943359375,402,0,normal
2026-10-04 10:52:23,25.6,77.9,16.1,6372.666666666667,2478.6666666666665,17749.333333333332,259413.33333333334,1.3857421875,403,0,normal
2026-10-04 10:52:29,11.2,77.8,16.1,4935.0,3672.3333333333335,1459541.3333333333,211968.0,1.67529296875,404,0,normal
2026-10-04 10:52:35,24.0,78.0,16.1,6449.333333333333,4904.166666666667,692224.0,189269.33333333334,1.62109375,402,0,normal
2026-10-04 10:52:41,22.3,77.9,16.1,7939.666666666667,4594.0,113322.66666666667,194901.33333333334,1.68603515625,402,0,normal
2026-10-04 10:52:47,37.8,78.1,17.3,6615.666666666667,10531.5,35498.666666666664,193446229.33333334,1.71142578125,403,1,disk_io_anomaly
2026-10-04 10:52:53,29.4,78.1,21.1,5533.833333333333,53.5,47786.666666666664,793485994.6666666,2.21533203125,404,1,disk_io_anomaly
2026-10-04 10:52:59,12.6,78.0,22.3,5311.166666666667,693.8333333333334,4096.0,411601408.0,2.11767578125,404,1,disk_io_anomaly
2026-10-04 10:53:05,43.2,78.0,22.3,5483.833333333333,3576.1666666666665,25941.333333333332,428544.0,2.3486328125,402,1,disk_io_anomaly
2026-10-04 10:53:11,34.7,77.0,16.1,6374.0,3658.3333333333335,17749.333333333332,252416.0,2.30126953125,401,0,normal
2026-10-04 10:53:17,14.2,77.2,16.1,5403.666666666667,2643.8333333333335,8192.0,268970.6666666667,2.19677734375,401,0,normal
2026-10-04 10:53:23,5.1,77.3,16.1,5442.833333333333,26.666666666666668,4096.0,18944.0,2.1005859375,401,0,normal
2026-10-04 11:13:49,18.2,79.4,16.1,7536.506525285481,4453.996737357259,734754.2446982055,501951.2691680261,0.986328125,404,0,normal
2026-10-04 11:13:55,37.1,77.8,16.1,8053.666666666667,2498.0,36864.0,32256.0,0.98779296875,401,0,normal
2026-10-04 11:14:01,36.9,77.2,16.1,5290.333333333333,48.666666666666664,17749.333333333332,69632.0,0.83544921875,401,0,normal
2026-10-04 11:14:07,41.6,76.6,16.1,4297.666666666667,15.666666666666666,2730.6666666666665,195925.33333333334,0.76806640625,401,0,normal
2026-10-04 11:14:13,27.3,76.3,16.1,5269.833333333333,1123.3333333333333,1365.3333333333333,38229.333333333336,0.70654296875,401,0,normal
2026-10-04 11:14:19,11.1,76.2,16.1,6294.5,2683.6666666666665,4096.0,341333.3333333333,0.64990234375,401,0,normal
2026-10-04 11:14:25,17.2,76.1,16.1,4672.166666666667,56.666666666666664,0.0,177493.33333333334,0.59765625,401,0,normal
2026-10-04 11:14:31,40.5,76.1,16.1,3984.5,2124.8333333333335,15018.666666666666,169984.0,0.5048828125,403,0,normal
2026-10-04 11:14:37,14.7,76.6,16.1,6015.0,13621.5,15018.666666666666,636586.6666666666,0.46435546875,401,0,normal
2026-10-04 11:14:43,44.2,78.5,16.1,6209.166666666667,8408.5,2144938.6666666665,2014378.6666666667,0.66748046875,401,0,normal
2026-10-04 11:14:49,62.0,79.3,16.1,20071.833333333332,12569.833333333334,43690.666666666664,522581.3333333333,0.61376953125,400,0,normal
2026-10-04 11:14:55,15.2,79.3,16.1,4961.0,9554.666666666666,15018.666666666666,356010.6666666667,0.564453125,400,0,normal
2026-10-04 11:15:01,54.8,78.9,16.1,6672.333333333333,613.0,8192.0,4096.0,1.0380859375,402,0,normal
2026-10-04 11:19:52,15.2,81.9,16.1,0.0,0.0,0.0,0.0,2.17138671875,403,0,normal
2026-10-04 11:19:58,50.0,81.8,16.1,7557.5,1868.3333333333333,77824.0,27306.666666666668,1.9970703125,401,0,normal
2026-10-04 11:20:04,62.2,81.5,16.1,3744.5,37.666666666666664,20480.0,1365.3333333333333,2.15771484375,401,0,normal
2026-10-04 11:20:10,65.3,81.5,16.1,7572.666666666667,2494.8333333333335,15018.666666666666,387754.6666666667,2.2255859375,401,0,normal
2026-10-04 11:20:16,6.1,81.7,16.1,3685.1666666666665,3764.6666666666665,42325.333333333336,15018.666666666666,1.95703125,402,0,normal
2026-10-04 11:20:22,4.5,76.5,16.1,6918.666666666667,48.666666666666664,53248.0,473258.6666666667,1.80029296875,403,0,normal
2026-10-04 11:20:28,3.5,76.3,16.1,3108.3333333333335,53.333333333333336,4096.0,2730.6666666666665,1.65576171875,401,0,normal
2026-10-04 11:20:34,5.1,76.1,16.1,7916.166666666667,63.666666666666664,6826.666666666667,2730.6666666666665,1.52294921875,401,0,normal
2026-10-04 11:20:40,3.5,76.2,16.1,3851.8333333333335,2131.6666666666665,8192.0,6826.666666666667,1.40087890625,401,0,normal
2026-10-04 11:20:46,3.5,76.3,16.1,6824.833333333333,55.166666666666664,2730.6666666666665,31744.0,1.18505859375,401,0,normal
2026-10-04 11:20:52,5.1,76.4,16.1,18307.0,2581.0,319488.0,91648.0,1.08984375,402,0,normal
2026-10-04 11:20:58,9.6,76.4,16.1,8254.833333333334,6445.0,9557.333333333334,10922.666666666666,1.00244140625,402,0,normal
2026-10-04 11:21:04,6.0,76.4,16.1,3610.5,26.666666666666668,70997.33333333333,4096.0,0.921875,402,0,normal
2026-10-04 11:21:10,4.0,76.2,16.1,6700.666666666667,26.666666666666668,30037.333333333332,124245.33333333333,0.84765625,401,0,normal
2026-10-04 11:21:16,5.6,76.3,16.1,6457.5,35.166666666666664,4096.0,2730.6666666666665,0.716796875,401,0,normal
2026-10-04 11:21:22,4.0,76.6,16.1,8299.5,64.33333333333333,4096.0,11605.333333333334,0.6591796875,401,0,normal
2026-10-04 11:21:28,5.0,76.5,16.1,4407.833333333333,3117.1666666666665,32768.0,45056.0,0.60595703125,401,0,normal
2026-10-04 11:21:34,6.5,76.3,16.1,6967.166666666667,84.5,6826.666666666667,2730.6666666666665,0.55712890625,401,0,normal
2026-10-04 11:21:40,6.1,76.3,16.1,3852.3333333333335,2120.3333333333335,35498.666666666664,6826.666666666667,0.6728515625,401,0,normal
2026-10-04 11:22:36,11.6,77.3,16.1,7670.571428571428,4455.535714285715,11849.142857142857,232301.7142857143,1.0859375,404,0,normal
2026-10-04 11:22:42,39.6,77.6,16.1,7393.5,1836.5,4878336.0,52224.0,1.2392578125,403,0,normal
2026-10-04 11:22:48,12.2,78.0,16.1,4956.666666666667,13959.5,13653.333333333334,218965.33333333334,1.1396484375,403,0,normal
2026-10-04 11:22:54,17.2,78.1,16.1,8738.166666666666,12006.166666666666,9557.333333333334,337749.3333333333,1.2890625,408,0,normal
2026-10-04 11:23:00,100.0,77.7,16.1,3546.3333333333335,2010.3333333333333,27306.666666666668,56149.333333333336,1.42626953125,407,1,cpu_anomaly
2026-10-04 11:23:06,100.0,77.8,16.1,6865.0,37.666666666666664,1365.3333333333333,2730.6666666666665,1.66259765625,405,1,cpu_anomaly
2026-10-04 11:23:12,100.0,77.0,16.1,2785.3333333333335,61.833333333333336,6826.666666666667,230741.33333333334,1.68994140625,405,1,cpu_anomaly
2026-10-04 11:23:18,100.0,77.0,16.1,4639.5,36.666666666666664,207530.66666666666,84650.66666666667,1.71484375,407,1,cpu_anomaly
2026-10-04 11:23:24,100.0,77.0,16.1,3669.1666666666665,15.666666666666666,5461.333333333333,117930.66666666667,1.73779296875,405,1,cpu_anomaly
2026-10-04 11:23:30,100.0,77.2,16.1,7116.0,2520.3333333333335,42325.333333333336,31402.666666666668,1.83935546875,405,1,cpu_anomaly
2026-10-04 11:23:36,100.0,77.4,16.1,4253.833333333333,46.166666666666664,4096.0,2730.6666666666665,1.86474609375,405,1,cpu_anomaly
2026-10-04 11:23:42,24.6,77.4,16.1,6526.5,53.333333333333336,4096.0,177493.33333333334,1.8759765625,403,0,normal
2026-10-04 11:23:48,33.7,77.2,16.1,3620.0,1268.8333333333333,16384.0,32256.0,1.7255859375,407,0,normal
2026-10-04 11:23:54,34.7,78.9,16.1,6545.333333333333,1998.6666666666667,1365.3333333333333,70314.66666666667,1.748046875,403,0,normal
