timestamp,cpu,memory,disk,network_in_rate,network_out_rate,disk_read_rate,disk_write_rate,load,process_count,label,anomaly_type,prediction
2026-10-04 10:52:35,24.0,78.0,16.1,6449.333333333333,4904.166666666667,692224.0,189269.3333333333,1.62109375,402,0,normal,0
2026-10-03 18:01:33,6.5,83.5,15.8,5112.727272727273,1314.0,0.0,0.0,1.03173828125,400,0,normal,0
2026-10-03 18:12:23,5.0,79.9,15.8,7466.454545454545,371.6363636363636,0.0,0.0,0.4111328125,399,0,normal,0
2026-10-03 18:01:11,5.0,83.7,15.8,5856.818181818182,519.4545454545455,0.0,0.0,1.21923828125,401,0,normal,0
2026-10-03 18:40:32,70.6,84.6,15.8,13287.181818181818,7753.909090909091,0.0,0.0,2.4658203125,402,0,normal,0
2026-10-04 09:00:13,9.6,78.5,16.1,12032.454545454546,11554.181818181818,0.0,0.0,3.56201171875,396,0,normal,0
2026-10-04 09:26:04,64.5,74.5,16.1,7156.545454545455,4315.0,0.0,0.0,0.88623046875,402,0,normal,0
2026-10-04 09:23:08,7.5,76.8,16.1,5333.545454545455,396.09090909090907,0.0,0.0,1.00537109375,404,0,normal,0
2026-10-03 18:01:44,59.3,88.5,15.8,5807.090909090909,925.181818181818,0.0,0.0,1.193359375,400,0,normal,0
2026-10-04 09:00:24,97.5,78.8,16.1,7738.090909090909,145307.18181818182,0.0,0.0,3.5283203125,400,0,normal,1
2026-10-03 18:24:34,13.5,79.3,15.8,5809.545454545455,419.45454545454544,0.0,0.0,0.96044921875,400,0,normal,0
2026-10-03 17:48:32,12.6,81.0,15.8,7237.545454545455,387.27272727272725,0.0,0.0,1.14404296875,401,0,normal,0
2026-10-03 18:01:55,9.1,80.8,15.8,5835.272727272727,503.54545454545456,0.0,0.0,1.4521484375,401,0,normal,0
2026-10-03 18:31:21,19.1,81.3,15.8,5277.727272727273,441.0,0.0,0.0,1.1318359375,398,0,normal,0
2026-10-03 18:43:50,6.5,84.2,15.8,4516.818181818182,2557.181818181818,0.0,0.0,0.7587890625,397,0,normal,0
2026-10-03 18:02:06,11.6,81.0,15.8,5882.090909090909,429.27272727272725,0.0,0.0,1.22802734375,401,0,normal,0
2026-10-04 10:44:31,13.6,80.3,16.1,0.0,0.0,0.0,0.0,0.86669921875,401,0,normal,0
2026-10-03 17:27:03,8.5,79.6,15.8,6266.545454545455,1536.6363636363635,0.0,0.0,0.87060546875,404,0,normal,0
2026-10-04 08:57:39,23.9,75.6,16.1,6390.454545454545,2049.818181818182,0.0,0.0,0.93603515625,378,0,normal,0
2026-10-03 18:37:47,10.6,81.3,15.8,28395.0,3037.818181818182,0.0,0.0,0.5693359375,399,0,normal,0
2026-10-03 18:38:31,31.3,80.1,15.8,6768.363636363636,2063.2727272727275,0.0,0.0,0.67626953125,399,0,normal,0
2026-10-03 18:15:08,6.5,85.8,15.8,7430.454545454545,1588.2727272727273,0.0,0.0,0.58984375,398,0,normal,0
2026-10-03 18:10:44,26.8,81.3,15.8,6589.272727272727,377.6363636363636,0.0,0.0,0.85595703125,398,0,normal,0
2026-10-03 18:06:41,10.2,80.0,15.8,4640.090909090909,920.0909090909092,0.0,0.0,1.10986328125,405,0,normal,0
2026-10-03 18:00:05,6.5,79.9,15.8,6864.636363636364,927.818181818182,0.0,0.0,2.3330078125,401,0,normal,0
2026-10-03 17:59:32,46.5,83.2,15.8,8138.0,2863.7272727272725,0.0,0.0,2.4892578125,402,0,normal,0
2026-10-04 09:04:59,45.5,79.0,16.1,8577.636363636364,1747.2727272727273,0.0,0.0,0.77734375,393,0,normal,0
2026-10-03 18:02:28,6.0,84.1,15.8,7407.272727272727,2755.909090909091,0.0,0.0,1.13671875,401,0,normal,0
2026-10-04 10:46:47,10.1,78.2,16.1,6445.333333333333,1212.5,4096.0,10069.333333333334,0.50732421875,398,0,normal,0
2026-10-03 18:13:18,67.3,82.7,15.8,4370.090909090909,430.1818181818182,0.0,0.0,0.61767578125,399,0,normal,0
2026-10-04 09:28:38,19.4,77.9,16.1,6123.727272727273,2623.5454545454545,0.0,0.0,1.8720703125,401,0,normal,0
2026-10-03 17:52:12,44.7,79.6,15.8,10188.727272727272,3336.181818181818,0.0,0.0,1.123046875,401,0,normal,0
2026-10-03 18:28:03,11.3,81.2,15.8,7079.181818181818,3413.181818181818,0.0,0.0,0.77294921875,400,0,normal,0
2026-10-04 09:06:49,6.0,78.4,16.1,4752.181818181818,689.2727272727273,0.0,0.0,0.96923828125,393,0,normal,0
2026-10-03 18:00:49,8.6,82.3,15.8,4845.545454545455,417.7272727272728,0.0,0.0,1.70361328125,401,0,normal,0
2026-10-03 18:14:46,22.4,84.5,15.8,5724.0,1272.3636363636365,0.0,0.0,0.61279296875,398,0,normal,0
2026-10-04 09:07:11,14.1,78.6,16.1,5681.636363636364,384.3636363636364,0.0,0.0,0.693359375,393,0,normal,0
2026-10-04 09:17:49,54.1,76.5,16.1,6039.454545454545,2717.0,0.0,0.0,1.75830078125,402,0,normal,0
2026-10-03 17:26:19,4.6,78.6,15.8,5731.363636363636,71.81818181818181,0.0,0.0,0.939453125,405,0,normal,0
2026-10-03 18:01:00,18.5,82.6,15.8,5503.0,394.3636363636364,0.0,0.0,1.44140625,401,0,normal,0
2026-10-03 18:46:02,5.0,82.4,15.8,6026.181818181818,4155.090909090909,0.0,0.0,0.70068359375,398,0,normal,0
2026-10-04 09:29:33,38.9,80.9,16.1,7204.818181818182,3856.181818181818,0.0,0.0,1.9013671875,402,0,normal,0
2026-10-03 18:35:24,12.2,77.3,15.8,14144.09090909091,901.2727272727273,0.0,0.0,0.53173828125,400,0,normal,0
2026-10-03 18:29:20,3.5,79.8,15.8,5981.363636363636,1902.0,0.0,0.0,0.60693359375,400,0,normal,0
2026-10-03 18:33:34,42.3,83.0,15.8,5248.545454545455,1297.7272727272727,0.0,0.0,0.7685546875,399,0,normal,0
2026-10-04 09:02:03,4.5,66.2,16.1,6714.181818181818,1433.7272727272727,0.0,0.0,1.46240234375,396,0,normal,0
2026-10-03 18:22:11,35.8,79.2,15.8,6124.727272727273,1968.909090909091,0.0,0.0,0.697265625,401,0,normal,0
2026-10-04 08:53:26,37.2,76.8,16.1,1704403.181818182,29309.090909090908,0.0,0.0,4.08056640625,413,0,normal,1
2026-10-04 10:52:41,22.3,77.9,16.1,7939.666666666667,4594.0,113322.66666666669,194901.3333333333,1.68603515625,402,0,normal,0
2026-10-04 08:53:48,6.0,75.1,16.1,7543.181818181818,1127.4545454545455,0.0,0.0,2.92138671875,413,0,normal,0
2026-10-03 18:21:16,31.8,82.1,15.8,6273.272727272727,567.3636363636364,0.0,0.0,0.560546875,407,0,normal,0
2026-10-04 08:59:40,99.5,82.1,16.1,18983.36363636364,4804.181818181818,0.0,0.0,3.421875,396,0,normal,0
2026-10-03 18:05:46,30.5,77.5,15.8,4619.727272727273,440.54545454545456,0.0,0.0,1.59423828125,405,0,normal,0
2026-10-04 09:01:08,17.0,66.2,16.1,5194.636363636364,106.63636363636364,0.0,0.0,2.32421875,399,0,normal,0
2026-10-03 17:59:54,5.1,79.5,15.8,5848.909090909091,525.1818181818181,0.0,0.0,2.7578125,401,0,normal,0
2026-10-04 09:19:06,21.2,78.2,16.1,54640.545454545456,22902.90909090909,0.0,0.0,1.478515625,404,0,normal,0
2026-10-04 10:47:53,21.4,77.6,19.2,4382.833333333333,143.16666666666666,1505962.6666666667,97792.0,0.85595703125,400,0,normal,1
2026-10-03 18:45:29,31.5,85.7,15.8,15534.0,5180.181818181818,0.0,0.0,0.61865234375,398,0,normal,0
2026-10-03 17:56:47,13.6,82.6,15.8,6337.818181818182,1759.5454545454545,0.0,0.0,0.8232421875,403,0,normal,0
2026-10-03 18:03:12,49.5,86.2,15.8,35298.545454545456,2809.6363636363635,0.0,0.0,0.65966796875,400,0,normal,0
2026-10-04 09:28:27,30.7,74.7,16.1,5800.181818181818,975.5454545454544,0.0,0.0,1.42138671875,400,0,normal,0
2026-10-04 10:51:53,21.5,77.9,16.1,8345.2875,4746.791666666667,422263.4666666667,743569.0666666667,1.53466796875,406,0,normal,0
2026-10-03 18:44:01,15.1,84.6,15.8,6007.454545454545,781.8181818181819,0.0,0.0,0.6416015625,398,0,normal,0
2026-10-04 08:51:14,93.8,62.2,15.8,187159.63636363635,72046.72727272728,0.0,0.0,2.5576171875,407,0,normal,1
2026-10-04 08:53:04,16.4,73.2,16.0,2905365.272727273,74308.18181818182,0.0,0.0,5.7578125,413,0,normal,1
2026-10-04 10:52:23,25.6,77.9,16.1,6372.666666666667,2478.6666666666665,17749.333333333332,259413.3333333333,1.3857421875,403,0,normal,0
2026-10-04 08:59:29,94.7,77.4,16.1,4596.272727272727,1232.6363636363635,0.0,0.0,2.13134765625,393,0,normal,0
2026-10-03 17:48:21,20.7,80.9,15.8,8586.636363636364,3260.090909090909,0.0,0.0,1.47021484375,401,0,normal,0
2026-10-04 10:47:47,11.6,77.7,19.2,10313.666666666666,11.0,4096.0,11264.0,0.9306640625,400,0,normal,0
2026-10-03 18:46:35,12.2,80.1,15.8,6765.090909090909,757.7272727272727,0.0,0.0,0.91357421875,398,0,normal,0
2026-10-03 18:20:54,27.4,81.6,15.8,5233.818181818182,411.7272727272728,0.0,0.0,0.7841796875,407,0,normal,0
2026-10-04 08:55:27,2.0,73.4,16.1,6972.363636363636,365.3636363636364,0.0,0.0,0.85498046875,413,0,normal,0
2026-10-04 09:00:46,8.5,72.5,16.1,8229.363636363636,2170.181818181818,0.0,0.0,2.66162109375,398,0,normal,0
2026-10-03 18:00:38,21.2,81.9,15.8,6957.454545454545,1345.6363636363635,0.0,0.0,2.013671875,401,0,normal,0
2026-10-04 09:20:12,21.9,75.8,16.1,4136.272727272727,35.09090909090909,0.0,0.0,1.4609375,404,0,normal,0
2026-10-04 09:22:02,11.1,78.8,16.1,7001.909090909091,10148.545454545454,0.0,0.0,2.2880859375,403,0,normal,0
2026-10-03 18:11:50,4.0,80.5,15.8,4600.818181818182,992.4545454545456,0.0,0.0,0.3525390625,399,0,normal,0
2026-10-04 09:04:26,9.6,77.7,16.1,5995.090909090909,937.181818181818,0.0,0.0,1.06005859375,394,0,normal,0
2026-10-04 09:16:43,45.9,75.8,16.1,6821.727272727273,3141.5454545454545,0.0,0.0,1.32421875,402,0,normal,0
2026-10-03 18:13:51,7.6,84.1,15.8,6884.181818181818,985.7272727272727,0.0,0.0,0.63720703125,399,0,normal,0
2026-10-03 18:05:13,11.1,77.2,15.8,4717.454545454545,695.6363636363636,0.0,0.0,1.802734375,405,0,normal,0
2026-10-04 08:58:12,28.1,75.8,16.1,5080.363636363636,45.27272727272727,0.0,0.0,1.091796875,378,0,normal,0
2026-10-03 18:00:27,22.4,82.8,15.8,8028.454545454545,2993.0,0.0,0.0,2.3798828125,401,0,normal,0
2026-10-03 18:24:01,39.4,81.6,15.8,6046.272727272727,1584.4545454545455,0.0,0.0,1.46435546875,401,0,normal,0
2026-10-04 10:46:59,70.7,79.3,16.1,7792.166666666667,3247.1666666666665,4608000.0,66901.33333333333,0.4287109375,398,0,normal,1
2026-10-03 17:59:10,23.1,87.8,15.8,15518.363636363636,2093.090909090909,0.0,0.0,1.3251953125,401,0,normal,0
2026-10-04 09:30:50,23.7,79.7,16.1,16097.545454545454,7792.636363636364,0.0,0.0,1.29736328125,402,0,normal,0
2026-10-03 17:58:15,16.6,87.4,15.8,5454.363636363636,1753.8181818181818,0.0,0.0,0.82275390625,401,0,normal,0
2026-10-04 10:47:23,75.9,79.7,19.2,6357.666666666667,712.3333333333334,491520.0,1183914.6666666667,0.74072265625,399,0,normal,1
2026-10-03 18:14:02,4.0,85.4,15.8,8879.454545454546,1567.7272727272727,0.0,0.0,0.61279296875,399,0,normal,0
2026-10-03 18:26:24,49.7,81.5,15.8,6559.454545454545,1822.0,0.0,0.0,0.5966796875,400,0,normal,0
2026-10-04 09:29:00,35.4,78.7,16.1,4769.181818181818,2026.636363636364,0.0,0.0,2.13232421875,401,0,normal,0
2026-10-04 09:19:50,75.6,73.4,16.1,15844.545454545454,541.4545454545455,0.0,0.0,2.041015625,404,0,normal,0
2026-10-03 17:52:45,37.4,79.8,15.8,6782.454545454545,2471.7272727272725,0.0,0.0,0.67919921875,402,0,normal,0
2026-10-03 18:30:59,30.8,80.2,15.8,7695.363636363636,1870.636363636364,0.0,0.0,1.1767578125,398,0,normal,0
2026-10-03 18:39:15,33.3,77.8,15.8,5701.272727272727,434.1818181818182,0.0,0.0,0.6962890625,399,0,normal,0
2026-10-03 17:25:57,7.1,78.8,15.8,0.0,0.0,0.0,0.0,1.2265625,405,0,normal,0
2026-10-03 17:48:43,49.7,80.7,15.8,7719.909090909091,2269.909090909091,0.0,0.0,0.9677734375,401,0,normal,0
2026-10-03 18:41:27,36.7,81.4,15.8,5590.363636363636,479.45454545454544,0.0,0.0,2.14697265625,400,0,normal,0
2026-10-03 17:50:44,11.0,78.7,15.8,8991.90909090909,412.45454545454544,0.0,0.0,1.30810546875,401,0,normal,0
2026-10-04 09:02:14,4.0,67.2,16.1,5589.272727272727,325.90909090909093,0.0,0.0,1.13818359375,396,0,normal,0
2026-10-04 09:02:36,11.7,66.8,16.1,5180.545454545455,187.9090909090909,0.0,0.0,0.97509765625,398,0,normal,0
2026-10-03 18:10:55,4.5,81.1,15.8,5213.363636363636,369.8181818181818,0.0,0.0,0.7978515625,398,0,normal,0
2026-10-03 18:03:01,5.6,85.0,15.8,6010.090909090909,1204.5454545454545,0.0,0.0,0.84814453125,400,0,normal,0
2026-10-03 18:08:10,39.3,81.5,15.8,6185.181818181818,403.54545454545456,0.0,0.0,1.66015625,405,0,normal,0
2026-10-04 09:14:42,13.6,77.0,16.1,17902.545454545456,1560.5454545454545,0.0,0.0,1.572265625,401,0,normal,0
2026-10-04 09:26:48,24.4,76.4,16.1,5119.636363636364,3875.636363636364,0.0,0.0,1.59912109375,402,0,normal,0
2026-10-03 18:30:37,13.6,79.3,15.8,10356.181818181818,1965.4545454545453,0.0,0.0,1.32666015625,398,0,normal,0
2026-10-03 18:22:55,26.6,80.3,15.8,6737.363636363636,371.7272727272728,0.0,0.0,0.833984375,401,0,normal,0
2026-10-04 09:04:37,12.2,77.2,16.1,4236.363636363636,83.63636363636364,0.0,0.0,0.89697265625,394,0,normal,0
2026-10-03 17:50:00,19.2,77.5,15.8,10148.09090909091,1036.7272727272727,0.0,0.0,0.884765625,400,0,normal,0
2026-10-04 09:20:56,100.0,76.1,16.1,5903.909090909091,2264.6363636363635,0.0,0.0,1.42236328125,405,1,cpu_anomaly,0
2026-10-04 09:21:07,100.0,76.2,16.1,6105.636363636364,79.63636363636364,0.0,0.0,1.51171875,405,1,cpu_anomaly,0
2026-10-04 09:21:18,100.0,76.4,16.1,5656.545454545455,960.0,0.0,0.0,1.98779296875,405,1,cpu_anomaly,0
2026-10-04 09:21:29,100.0,76.5,16.1,8802.09090909091,730.0,0.0,0.0,2.064453125,405,1,cpu_anomaly,0
2026-10-04 09:21:40,100.0,77.6,16.1,22988.636363636364,7116.636363636364,0.0,0.0,2.05419921875,405,1,cpu_anomaly,0
2026-10-04 09:21:51,100.0,78.5,16.1,6817.181818181818,6699.636363636364,0.0,0.0,2.3408203125,405,1,cpu_anomaly,0
2026-10-04 10:52:47,37.8,78.1,17.3,6615.666666666667,10531.5,35498.666666666664,193446229.3333333,1.71142578125,403,1,disk_io_anomaly,1
2026-10-04 10:52:53,29.4,78.1,21.1,5533.833333333333,53.5,47786.66666666666,793485994.6666666,2.21533203125,404,1,disk_io_anomaly,1
2026-10-04 10:52:59,12.6,78.0,22.3,5311.166666666667,693.8333333333334,4096.0,411601408.0,2.11767578125,404,1,disk_io_anomaly,1
2026-10-04 10:53:05,43.2,78.0,22.3,5483.833333333333,3576.1666666666665,25941.33333333333,428544.0,2.3486328125,402,1,disk_io_anomaly,1
