timestamp,cpu,memory,disk,network_in_rate,network_out_rate,disk_read_rate,disk_write_rate,load,process_count,label,anomaly_type
2026-10-03 17:25:57,7.1,78.8,15.8,0.0,0.0,0.0,0.0,1.2265625,405,0,normal
2026-10-03 17:26:08,66.2,82.2,15.8,5501.545454545455,791.1818181818181,0.0,0.0,1.11083984375,405,0,normal
2026-10-03 17:26:19,4.6,78.6,15.8,5731.363636363636,71.81818181818181,0.0,0.0,0.939453125,405,0,normal
2026-10-03 17:26:30,10.6,78.7,15.8,5984.909090909091,34.72727272727273,0.0,0.0,1.08935546875,405,0,normal
2026-10-03 17:26:41,35.4,79.5,15.8,6768.0,811.0,0.0,0.0,1.216796875,406,0,normal
2026-10-03 17:26:52,8.0,79.9,15.8,5874.454545454545,77.54545454545455,0.0,0.0,1.029296875,406,0,normal
2026-10-03 17:27:03,8.5,79.6,15.8,6266.545454545455,1536.6363636363637,0.0,0.0,0.87060546875,404,0,normal
2026-10-03 17:27:14,5.5,77.3,15.8,4666.818181818182,101.0909090909091,0.0,0.0,1.03173828125,406,0,normal
2026-10-03 17:48:10,22.1,80.2,15.8,193331.90286624205,17482.444267515923,0.0,0.0,1.12841796875,401,0,normal
2026-10-03 17:48:21,20.7,80.9,15.8,8586.636363636364,3260.090909090909,0.0,0.0,1.47021484375,401,0,normal
2026-10-03 17:48:32,12.6,81.0,15.8,7237.545454545455,387.27272727272725,0.0,0.0,1.14404296875,401,0,normal
2026-10-03 17:48:43,49.7,80.7,15.8,7719.909090909091,2269.909090909091,0.0,0.0,0.9677734375,401,0,normal
2026-10-03 17:48:54,7.1,81.8,15.8,6836.0,2494.6363636363635,0.0,0.0,1.0400390625,401,0,normal
2026-10-03 17:49:05,42.2,81.9,15.8,5046.545454545455,1042.2727272727273,0.0,0.0,1.02734375,401,0,normal
2026-10-03 17:49:16,40.6,81.4,15.8,5874.181818181818,1159.5454545454545,0.0,0.0,0.9423828125,402,0,normal
2026-10-03 17:49:27,15.6,81.6,15.8,10433.09090909091,3949.181818181818,0.0,0.0,1.09619140625,402,0,normal
2026-10-03 17:49:38,8.1,81.2,15.8,4707.727272727273,381.1818181818182,0.0,0.0,0.92724609375,402,0,normal
2026-10-03 17:49:49,38.9,77.1,15.8,5128.363636363636,1192.1818181818182,0.0,0.0,0.7841796875,401,0,normal
2026-10-03 17:50:00,19.2,77.5,15.8,10148.09090909091,1036.7272727272727,0.0,0.0,0.884765625,400,0,normal
2026-10-03 17:50:11,29.9,77.7,15.8,7095.636363636364,1774.909090909091,0.0,0.0,1.04296875,400,0,normal
2026-10-03 17:50:22,10.6,79.1,15.8,12213.0,1571.7272727272727,0.0,0.0,1.259765625,400,0,normal
2026-10-03 17:50:33,9.0,78.9,15.8,4745.727272727273,380.6363636363636,0.0,0.0,1.54638671875,401,0,normal
2026-10-03 17:50:44,11.0,78.7,15.8,8991.90909090909,412.45454545454544,0.0,0.0,1.30810546875,401,0,normal
2026-10-03 17:50:55,5.6,78.4,15.8,5581.363636363636,461.6363636363636,0.0,0.0,1.25439453125,401,0,normal
2026-10-03 17:51:06,4.5,78.5,15.8,4216.818181818182,390.0,0.0,0.0,1.28271484375,401,0,normal
2026-10-03 17:51:17,32.8,79.3,15.8,6599.363636363636,2467.181818181818,0.0,0.0,1.15869140625,401,0,normal
2026-10-03 17:51:28,38.9,80.5,15.8,8621.545454545454,1781.5454545454545,0.0,0.0,1.0537109375,401,0,normal
2026-10-03 17:51:39,36.0,79.5,15.8,23836.727272727272,1432.909090909091,0.0,0.0,1.05224609375,401,0,normal
2026-10-03 17:51:50,14.1,76.2,15.8,4460.181818181818,1456.4545454545455,0.0,0.0,0.89013671875,401,0,normal
2026-10-03 17:52:01,88.4,81.0,15.8,102814.27272727272,16803.272727272728,0.0,0.0,1.26904296875,403,0,normal
2026-10-03 17:52:12,44.7,79.6,15.8,10188.727272727272,3336.181818181818,0.0,0.0,1.123046875,401,0,normal
2026-10-03 17:52:23,25.1,80.1,15.8,7235.636363636364,3366.090909090909,0.0,0.0,0.94970703125,401,0,normal
2026-10-03 17:52:34,33.5,79.7,15.8,8510.545454545454,2297.4545454545455,0.0,0.0,0.80322265625,402,0,normal
2026-10-03 17:52:45,37.4,79.8,15.8,6782.454545454545,2471.7272727272725,0.0,0.0,0.67919921875,402,0,normal
2026-10-03 17:52:56,16.6,82.2,15.8,15988.90909090909,8709.90909090909,0.0,0.0,0.8828125,402,0,normal
2026-10-03 17:53:07,13.1,81.7,15.8,8417.0,2000.090909090909,0.0,0.0,0.7607421875,402,0,normal
2026-10-03 17:53:18,77.3,84.1,15.8,202895.81818181818,11432.545454545454,0.0,0.0,1.4130859375,404,0,normal
2026-10-03 17:53:29,99.5,87.2,15.8,601675.8181818182,26808.454545454544,0.0,0.0,1.744140625,406,0,normal
2026-10-03 17:53:40,75.8,82.2,15.8,293788.36363636365,12583.0,0.0,0.0,3.02294921875,409,0,normal
2026-10-03 17:53:51,91.9,89.8,15.8,94124.18181818182,1784.6363636363637,0.0,0.0,2.5576171875,409,0,normal
2026-10-03 17:54:02,10.3,74.9,15.8,10922.90909090909,5649.272727272727,0.0,0.0,2.32958984375,405,0,normal
2026-10-03 17:54:13,10.1,75.0,15.8,6396.272727272727,510.8181818181818,0.0,0.0,1.970703125,403,0,normal
2026-10-03 17:54:24,21.2,78.1,15.8,10953.636363636364,2257.181818181818,0.0,0.0,1.6669921875,403,0,normal
2026-10-03 17:54:35,11.2,77.7,15.8,7251.909090909091,528.9090909090909,0.0,0.0,1.41015625,403,0,normal
2026-10-03 17:54:46,8.0,77.8,15.8,4666.545454545455,1105.2727272727273,0.0,0.0,1.19287109375,403,0,normal
2026-10-03 17:54:57,17.3,82.2,15.8,11905.636363636364,3104.181818181818,0.0,0.0,1.22314453125,403,0,normal
2026-10-03 17:55:08,40.1,86.2,15.8,9180.09090909091,2096.818181818182,0.0,0.0,1.11474609375,403,0,normal
2026-10-03 17:55:19,15.2,86.5,15.8,14491.0,1028.8181818181818,0.0,0.0,0.94287109375,403,0,normal
2026-10-03 17:55:30,6.0,86.6,15.8,835.6363636363636,2749.7272727272725,0.0,0.0,0.9453125,403,0,normal
2026-10-03 17:55:41,74.9,85.8,15.8,3034.0,1307.0,0.0,0.0,0.79931640625,402,0,normal
2026-10-03 17:55:52,49.7,87.0,15.8,14928.363636363636,9412.818181818182,0.0,0.0,1.3369140625,402,0,normal
2026-10-03 17:56:03,9.5,85.2,15.8,9755.272727272728,1333.7272727272727,0.0,0.0,1.20458984375,402,0,normal
2026-10-03 17:56:14,11.6,82.7,15.8,7791.818181818182,1002.0909090909091,0.0,0.0,1.01904296875,403,0,normal
2026-10-03 17:56:25,43.8,87.6,15.8,7002.545454545455,2066.7272727272725,0.0,0.0,0.86181640625,403,0,normal
2026-10-03 17:56:36,57.9,82.4,15.8,9479.818181818182,443.27272727272725,0.0,0.0,0.88330078125,403,0,normal
2026-10-03 17:56:47,13.6,82.6,15.8,6337.818181818182,1759.5454545454545,0.0,0.0,0.8232421875,403,0,normal
2026-10-03 17:56:58,6.5,82.7,15.8,4445.363636363636,434.27272727272725,0.0,0.0,0.77001953125,403,0,normal
2026-10-03 17:57:09,6.6,83.1,15.8,6283.636363636364,490.72727272727275,0.0,0.0,0.65087890625,403,0,normal
2026-10-03 17:57:20,31.2,83.0,15.8,7050.363636363636,402.72727272727275,0.0,0.0,0.7109375,403,0,normal
2026-10-03 17:57:31,67.3,88.5,15.8,31066.090909090908,6531.545454545455,0.0,0.0,0.8359375,403,0,normal
2026-10-03 17:57:42,26.3,82.6,15.8,6075.090909090909,2648.818181818182,0.0,0.0,0.7177734375,400,0,normal
2026-10-03 17:57:53,25.1,88.5,15.8,25206.0,12398.454545454546,0.0,0.0,1.06298828125,401,0,normal
2026-10-03 17:58:04,12.6,87.8,15.8,8949.363636363636,704.7272727272727,0.0,0.0,0.97265625,401,0,normal
2026-10-03 17:58:15,16.6,87.4,15.8,5454.363636363636,1753.8181818181818,0.0,0.0,0.82275390625,401,0,normal
2026-10-03 17:58:26,5.5,87.9,15.8,5218.0,1748.3636363636363,0.0,0.0,0.69580078125,401,0,normal
2026-10-03 17:58:37,8.0,86.6,15.8,5673.272727272727,473.1818181818182,0.0,0.0,0.8125,402,0,normal
2026-10-03 17:58:48,9.5,86.5,15.8,9930.90909090909,841.8181818181819,0.0,0.0,0.8349609375,401,0,normal
2026-10-03 17:58:59,16.6,89.2,15.8,7177.727272727273,1234.8181818181818,0.0,0.0,1.1875,401,0,normal
2026-10-03 17:59:10,23.1,87.8,15.8,15518.363636363636,2093.090909090909,0.0,0.0,1.3251953125,401,0,normal
2026-10-03 17:59:21,56.9,87.1,15.8,10901.90909090909,3488.909090909091,0.0,0.0,1.5830078125,401,0,normal
2026-10-03 17:59:32,46.5,83.2,15.8,8138.0,2863.7272727272725,0.0,0.0,2.4892578125,402,0,normal
2026-10-03 17:59:43,59.2,79.6,15.8,7167.909090909091,1366.4545454545455,0.0,0.0,2.7216796875,401,0,normal
2026-10-03 17:59:54,5.1,79.5,15.8,5848.909090909091,525.1818181818181,0.0,0.0,2.7578125,401,0,normal
2026-10-03 18:00:05,6.5,79.9,15.8,6864.636363636364,927.8181818181819,0.0,0.0,2.3330078125,401,0,normal
2026-10-03 18:00:16,13.1,79.7,15.8,13871.0,1488.6363636363637,0.0,0.0,1.97412109375,401,0,normal
2026-10-03 18:00:27,22.4,82.8,15.8,8028.454545454545,2993.0,0.0,0.0,2.3798828125,401,0,normal
2026-10-03 18:00:38,21.2,81.9,15.8,6957.454545454545,1345.6363636363637,0.0,0.0,2.013671875,401,0,normal
2026-10-03 18:00:49,8.6,82.3,15.8,4845.545454545455,417.72727272727275,0.0,0.0,1.70361328125,401,0,normal
2026-10-03 18:01:00,18.5,82.6,15.8,5503.0,394.3636363636364,0.0,0.0,1.44140625,401,0,normal
2026-10-03 18:01:11,5.0,83.7,15.8,5856.818181818182,519.4545454545455,0.0,0.0,1.21923828125,401,0,normal
2026-10-03 18:01:22,6.5,83.8,15.8,5120.0,1946.2727272727273,0.0,0.0,1.22021484375,400,0,normal
2026-10-03 18:01:33,6.5,83.5,15.8,5112.727272727273,1314.0,0.0,0.0,1.03173828125,400,0,normal
2026-10-03 18:01:44,59.3,88.5,15.8,5807.090909090909,925.1818181818181,0.0,0.0,1.193359375,400,0,normal
2026-10-03 18:01:55,9.1,80.8,15.8,5835.272727272727,503.54545454545456,0.0,0.0,1.4521484375,401,0,normal
2026-10-03 18:02:06,11.6,81.0,15.8,5882.090909090909,429.27272727272725,0.0,0.0,1.22802734375,401,0,normal
2026-10-03 18:02:17,42.6,82.7,15.8,4665.636363636364,453.27272727272725,0.0,0.0,1.34375,401,0,normal
2026-10-03 18:02:28,6.0,84.1,15.8,7407.272727272727,2755.909090909091,0.0,0.0,1.13671875,401,0,normal
2026-10-03 18:02:39,17.8,84.1,15.8,6166.0,550.7272727272727,0.0,0.0,0.96142578125,401,0,normal
2026-10-03 18:02:50,5.5,83.3,15.8,5003.727272727273,1167.7272727272727,0.0,0.0,0.81298828125,401,0,normal
2026-10-03 18:03:01,5.6,85.0,15.8,6010.090909090909,1204.5454545454545,0.0,0.0,0.84814453125,400,0,normal
2026-10-03 18:03:12,49.5,86.2,15.8,35298.545454545456,2809.6363636363635,0.0,0.0,0.65966796875,400,0,normal
2026-10-03 18:03:23,72.1,86.3,15.8,7570.545454545455,3767.0,0.0,0.0,1.1669921875,400,0,normal
2026-10-03 18:03:34,61.5,83.3,15.8,6441.909090909091,2256.818181818182,0.0,0.0,1.44921875,405,0,normal
2026-10-03 18:03:45,58.8,79.4,15.8,7781.636363636364,1326.5454545454545,0.0,0.0,1.76806640625,406,0,normal
2026-10-03 18:03:56,12.1,71.8,15.8,7441.181818181818,3443.4545454545455,0.0,0.0,1.970703125,406,0,normal
2026-10-03 18:04:07,20.2,74.7,15.8,5895.636363636364,427.72727272727275,0.0,0.0,2.35400390625,404,0,normal
2026-10-03 18:04:18,20.2,76.3,15.8,5211.363636363636,439.6363636363636,0.0,0.0,1.9912109375,405,0,normal
2026-10-03 18:04:29,19.2,76.4,15.8,5337.909090909091,1630.909090909091,0.0,0.0,1.6845703125,405,0,normal
2026-10-03 18:04:40,24.0,76.9,15.8,7715.090909090909,437.45454545454544,0.0,0.0,1.90576171875,405,0,normal
2026-10-03 18:04:51,53.1,76.1,15.8,6758.818181818182,2055.818181818182,0.0,0.0,2.12841796875,405,0,normal
2026-10-03 18:05:02,8.1,77.4,15.8,4607.272727272727,1027.6363636363637,0.0,0.0,2.130859375,405,0,normal
2026-10-03 18:05:13,11.1,77.2,15.8,4717.454545454545,695.6363636363636,0.0,0.0,1.802734375,405,0,normal
2026-10-03 18:05:24,11.6,78.5,15.8,16528.545454545456,1140.6363636363637,0.0,0.0,2.14111328125,405,0,normal
2026-10-03 18:05:35,27.6,78.7,15.8,7993.272727272727,2690.4545454545455,0.0,0.0,1.884765625,405,0,normal
2026-10-03 18:05:46,30.5,77.5,15.8,4619.727272727273,440.54545454545456,0.0,0.0,1.59423828125,405,0,normal
2026-10-03 18:05:57,10.2,78.8,15.8,4919.090909090909,477.72727272727275,0.0,0.0,1.80078125,405,0,normal
2026-10-03 18:06:08,29.6,78.7,15.8,6384.090909090909,376.8181818181818,0.0,0.0,1.5234375,405,0,normal
2026-10-03 18:06:19,64.3,78.9,15.8,5628.727272727273,402.27272727272725,0.0,0.0,1.2890625,405,0,normal
2026-10-03 18:06:30,21.5,79.8,15.8,6606.454545454545,2024.7272727272727,0.0,0.0,1.31201171875,405,0,normal
2026-10-03 18:06:41,10.2,80.0,15.8,4640.090909090909,920.0909090909091,0.0,0.0,1.10986328125,405,0,normal
2026-10-03 18:06:52,15.7,81.4,15.8,7048.0,398.09090909090907,0.0,0.0,0.9306640625,405,0,normal
2026-10-03 18:07:04,10.1,81.3,15.8,5143.416666666667,402.9166666666667,0.0,0.0,0.787109375,405,0,normal
2026-10-03 18:07:15,23.7,80.7,15.8,5108.727272727273,405.54545454545456,0.0,0.0,0.66552734375,405,0,normal
2026-10-03 18:07:26,51.6,80.6,15.8,5047.272727272727,400.8181818181818,0.0,0.0,0.72314453125,405,0,normal
2026-10-03 18:07:37,16.2,80.8,15.8,5674.090909090909,1159.2727272727273,0.0,0.0,1.31396484375,405,0,normal
2026-10-03 18:07:48,42.4,80.9,15.8,7994.818181818182,417.90909090909093,0.0,0.0,1.52685546875,405,0,normal
2026-10-03 18:07:59,11.6,82.8,15.8,5020.818181818182,426.6363636363636,0.0,0.0,1.439453125,405,0,normal
2026-10-03 18:08:10,39.3,81.5,15.8,6185.181818181818,403.54545454545456,0.0,0.0,1.66015625,405,0,normal
2026-10-03 18:08:21,16.8,81.5,15.8,5859.909090909091,405.3636363636364,0.0,0.0,1.404296875,405,0,normal
2026-10-03 18:08:32,24.4,82.6,15.8,6826.272727272727,1617.909090909091,0.0,0.0,1.18798828125,405,0,normal
2026-10-03 18:08:43,16.1,82.7,15.8,4663.545454545455,456.54545454545456,0.0,0.0,0.9921875,402,0,normal
2026-10-03 18:08:54,8.6,82.4,15.8,4681.545454545455,483.1818181818182,0.0,0.0,0.83935546875,400,0,normal
2026-10-03 18:09:05,7.1,82.2,15.8,5682.818181818182,397.8181818181818,0.0,0.0,0.85791015625,399,0,normal
2026-10-03 18:09:16,48.5,85.1,15.8,5669.363636363636,413.0,0.0,0.0,0.7255859375,399,0,normal
2026-10-03 18:09:27,11.1,80.6,15.8,5470.0,465.8181818181818,0.0,0.0,0.90869140625,399,0,normal
2026-10-03 18:09:38,16.7,80.9,15.8,5484.727272727273,1782.909090909091,0.0,0.0,0.84228515625,398,0,normal
2026-10-03 18:09:49,7.6,80.9,15.8,6365.909090909091,413.45454545454544,0.0,0.0,1.15478515625,398,0,normal
2026-10-03 18:10:00,23.4,81.7,15.8,7001.0,4476.363636363636,0.0,0.0,1.12451171875,398,0,normal
2026-10-03 18:10:11,7.6,81.3,15.8,7478.363636363636,831.7272727272727,0.0,0.0,1.3935546875,397,0,normal
2026-10-03 18:10:22,37.6,81.4,15.8,16279.90909090909,2842.0,0.0,0.0,1.1787109375,397,0,normal
2026-10-03 18:10:33,16.0,81.3,15.8,6944.272727272727,1157.5454545454545,0.0,0.0,0.9169921875,398,0,normal
2026-10-03 18:10:44,26.8,81.3,15.8,6589.272727272727,377.6363636363636,0.0,0.0,0.85595703125,398,0,normal
2026-10-03 18:10:55,4.5,81.1,15.8,5213.363636363636,369.8181818181818,0.0,0.0,0.7978515625,398,0,normal
2026-10-03 18:11:06,9.6,80.9,15.8,4759.545454545455,486.27272727272725,0.0,0.0,0.7490234375,398,0,normal
2026-10-03 18:11:17,15.5,81.0,15.8,5654.454545454545,471.72727272727275,0.0,0.0,0.6337890625,398,0,normal
2026-10-03 18:11:28,14.0,80.2,15.8,5786.0,386.72727272727275,0.0,0.0,0.4931640625,399,0,normal
2026-10-03 18:11:39,4.5,80.0,15.8,6468.0,1125.7272727272727,0.0,0.0,0.4169921875,399,0,normal
2026-10-03 18:11:50,4.0,80.5,15.8,4600.818181818182,992.4545454545455,0.0,0.0,0.3525390625,399,0,normal
2026-10-03 18:12:01,13.1,81.0,15.8,8695.181818181818,402.1818181818182,0.0,0.0,0.2978515625,399,0,normal
2026-10-03 18:12:12,4.5,81.0,15.8,10076.727272727272,748.3636363636364,0.0,0.0,0.251953125,399,0,normal
2026-10-03 18:12:23,5.0,79.9,15.8,7466.454545454545,371.6363636363636,0.0,0.0,0.4111328125,399,0,normal
2026-10-03 18:12:34,4.5,79.7,15.8,5253.272727272727,1757.4545454545455,0.0,0.0,0.34765625,399,0,normal
2026-10-03 18:12:45,28.6,81.6,15.8,6115.363636363636,372.09090909090907,0.0,0.0,0.29345703125,399,0,normal
2026-10-03 18:12:56,8.0,81.7,15.8,5700.909090909091,428.54545454545456,0.0,0.0,0.24755859375,399,0,normal
2026-10-03 18:13:07,13.0,81.8,15.8,7096.0,435.3636363636364,0.0,0.0,0.208984375,399,0,normal
2026-10-03 18:13:18,67.3,82.7,15.8,4370.090909090909,430.1818181818182,0.0,0.0,0.61767578125,399,0,normal
2026-10-03 18:13:29,13.6,82.8,15.8,6486.909090909091,894.0,0.0,0.0,0.89111328125,399,0,normal
2026-10-03 18:13:40,8.1,84.1,15.8,9161.363636363636,1944.909090909091,0.0,0.0,0.75341796875,399,0,normal
2026-10-03 18:13:51,7.6,84.1,15.8,6884.181818181818,985.7272727272727,0.0,0.0,0.63720703125,399,0,normal
2026-10-03 18:14:02,4.0,85.4,15.8,8879.454545454546,1567.7272727272727,0.0,0.0,0.61279296875,399,0,normal
2026-10-03 18:14:13,17.8,85.5,15.8,7129.636363636364,391.8181818181818,0.0,0.0,1.01318359375,399,0,normal
2026-10-03 18:14:24,11.1,85.5,15.8,6929.0,991.0909090909091,0.0,0.0,0.85693359375,399,0,normal
2026-10-03 18:14:35,6.0,84.3,15.8,7214.727272727273,1159.7272727272727,0.0,0.0,0.724609375,398,0,normal
2026-10-03 18:14:46,22.4,84.5,15.8,5724.0,1272.3636363636363,0.0,0.0,0.61279296875,398,0,normal
2026-10-03 18:14:57,9.0,85.7,15.8,6286.727272727273,660.3636363636364,0.0,0.0,0.7587890625,398,0,normal
2026-10-03 18:15:08,6.5,85.8,15.8,7430.454545454545,1588.2727272727273,0.0,0.0,0.58984375,398,0,normal
2026-10-03 18:15:19,43.1,87.2,15.8,15421.363636363636,3331.6363636363635,0.0,0.0,0.65966796875,398,0,normal
2026-10-03 18:15:30,56.2,83.9,15.8,4667.727272727273,2754.181818181818,0.0,0.0,1.00634765625,398,0,normal
2026-10-03 18:15:41,16.7,85.3,15.8,7517.090909090909,1782.4545454545455,0.0,0.0,0.85107421875,397,0,normal
2026-10-03 18:15:52,25.9,85.8,15.8,5896.909090909091,1157.2727272727273,0.0,0.0,0.95458984375,397,0,normal
2026-10-03 18:16:03,14.6,85.9,15.8,6361.272727272727,5012.636363636364,0.0,0.0,1.30322265625,397,0,normal
2026-10-03 18:20:10,50.5,81.3,15.8,6939.417004048583,829.6963562753036,0.0,0.0,0.87890625,403,0,normal
2026-10-03 18:20:21,24.2,80.7,15.8,16056.545454545454,1793.2727272727273,0.0,0.0,0.82373046875,401,0,normal
2026-10-03 18:20:32,25.1,81.1,15.8,7094.363636363636,955.7272727272727,0.0,0.0,1.09619140625,407,0,normal
2026-10-03 18:20:43,5.5,83.1,15.8,6956.454545454545,1957.8181818181818,0.0,0.0,0.92724609375,407,0,normal
2026-10-03 18:20:54,27.4,81.6,15.8,5233.818181818182,411.72727272727275,0.0,0.0,0.7841796875,407,0,normal
2026-10-03 18:21:05,49.5,82.6,15.8,5397.545454545455,2075.6363636363635,0.0,0.0,0.6630859375,407,0,normal
2026-10-03 18:21:16,31.8,82.1,15.8,6273.272727272727,567.3636363636364,0.0,0.0,0.560546875,407,0,normal
2026-10-03 18:21:27,14.7,82.7,15.8,6038.454545454545,426.8181818181818,0.0,0.0,0.43603515625,403,0,normal
2026-10-03 18:21:38,63.6,89.1,15.8,8011.727272727273,3011.6363636363635,0.0,0.0,0.689453125,401,0,normal
2026-10-03 18:21:49,48.7,80.5,15.8,3863.909090909091,444.8181818181818,0.0,0.0,0.65673828125,401,0,normal
2026-10-03 18:22:00,36.5,78.7,15.8,6757.363636363636,3297.909090909091,0.0,0.0,0.55517578125,401,0,normal
2026-10-03 18:22:11,35.8,79.2,15.8,6124.727272727273,1968.909090909091,0.0,0.0,0.697265625,401,0,normal
2026-10-03 18:22:22,32.0,79.6,15.8,6055.909090909091,1037.8181818181818,0.0,0.0,0.85009765625,401,0,normal
2026-10-03 18:22:33,5.5,79.8,15.8,6000.545454545455,402.54545454545456,0.0,0.0,0.95947265625,401,0,normal
2026-10-03 18:22:44,21.2,80.9,15.8,5804.181818181818,1181.3636363636363,0.0,0.0,0.8115234375,401,0,normal
2026-10-03 18:22:55,26.6,80.3,15.8,6737.363636363636,371.72727272727275,0.0,0.0,0.833984375,401,0,normal
2026-10-03 18:23:06,13.1,79.3,15.8,4894.272727272727,444.90909090909093,0.0,0.0,1.2666015625,401,0,normal
2026-10-03 18:23:17,10.1,78.9,15.8,5061.181818181818,424.3636363636364,0.0,0.0,0.9853515625,401,0,normal
2026-10-03 18:23:28,21.6,79.0,15.8,6218.909090909091,951.6363636363636,0.0,0.0,1.07421875,401,0,normal
2026-10-03 18:23:39,19.0,80.6,15.8,5786.727272727273,1163.909090909091,0.0,0.0,1.22265625,401,0,normal
2026-10-03 18:23:50,48.7,81.3,15.8,26088.090909090908,2801.090909090909,0.0,0.0,1.556640625,401,0,normal
2026-10-03 18:24:01,39.4,81.6,15.8,6046.272727272727,1584.4545454545455,0.0,0.0,1.46435546875,401,0,normal
2026-10-03 18:24:12,19.1,80.6,15.8,6956.818181818182,2174.818181818182,0.0,0.0,1.3427734375,401,0,normal
2026-10-03 18:24:23,14.6,79.3,15.8,5730.0,410.90909090909093,0.0,0.0,1.1357421875,400,0,normal
2026-10-03 18:24:34,13.5,79.3,15.8,5809.545454545455,419.45454545454544,0.0,0.0,0.96044921875,400,0,normal
2026-10-03 18:24:45,27.1,79.4,15.8,8137.727272727273,2584.0,0.0,0.0,0.8125,400,0,normal
2026-10-03 18:24:56,32.8,79.4,15.8,6577.272727272727,714.4545454545455,0.0,0.0,0.68701171875,399,0,normal
2026-10-03 18:25:07,11.1,79.5,15.8,5937.181818181818,727.6363636363636,0.0,0.0,1.02099609375,399,0,normal
2026-10-03 18:25:18,19.1,81.1,15.8,14349.454545454546,3405.181818181818,0.0,0.0,0.9443359375,400,0,normal
2026-10-03 18:25:29,14.5,81.2,15.8,6316.727272727273,1869.7272727272727,0.0,0.0,0.798828125,400,0,normal
2026-10-03 18:25:40,12.2,81.2,15.8,6646.0,1269.0,0.0,0.0,0.67529296875,400,0,normal
2026-10-03 18:25:51,8.1,82.2,15.8,5424.0,1595.2727272727273,0.0,0.0,0.65185546875,400,0,normal
2026-10-03 18:26:02,21.6,82.9,15.8,6571.454545454545,412.3636363636364,0.0,0.0,0.5068359375,400,0,normal
2026-10-03 18:26:13,13.0,81.3,15.8,5471.0,1903.1818181818182,0.0,0.0,0.42822265625,400,0,normal
2026-10-03 18:26:24,49.7,81.5,15.8,6559.454545454545,1822.0,0.0,0.0,0.5966796875,400,0,normal
2026-10-03 18:26:35,10.6,80.0,15.8,5593.0,467.45454545454544,0.0,0.0,0.5849609375,400,0,normal
2026-10-03 18:26:46,10.6,80.0,15.8,5272.818181818182,2090.4545454545455,0.0,0.0,0.49462890625,400,0,normal
2026-10-03 18:26:57,36.0,82.0,15.8,9537.363636363636,2127.3636363636365,0.0,0.0,0.46484375,400,0,normal
2026-10-03 18:27:08,49.7,82.5,15.8,27997.090909090908,1794.1818181818182,0.0,0.0,0.392578125,400,0,normal
2026-10-03 18:27:19,7.5,81.6,15.8,6113.454545454545,2321.181818181818,0.0,0.0,0.40576171875,400,0,normal
2026-10-03 18:27:30,11.6,79.6,15.8,5543.454545454545,2056.090909090909,0.0,0.0,0.49072265625,400,0,normal
2026-10-03 18:27:41,16.8,80.9,15.8,8487.181818181818,2554.090909090909,0.0,0.0,0.4150390625,400,0,normal
2026-10-03 18:27:52,11.1,80.2,15.8,5846.727272727273,958.8181818181819,0.0,0.0,0.47021484375,400,0,normal
2026-10-03 18:28:03,11.3,81.2,15.8,7079.181818181818,3413.181818181818,0.0,0.0,0.77294921875,400,0,normal
2026-10-03 18:28:14,46.2,81.0,15.8,6643.636363636364,423.09090909090907,0.0,0.0,0.8017578125,400,0,normal
2026-10-03 18:28:25,27.4,80.3,15.8,6827.0,2905.818181818182,0.0,0.0,1.3193359375,400,0,normal
2026-10-03 18:28:36,11.7,78.8,15.8,25425.909090909092,852.7272727272727,0.0,0.0,1.1162109375,400,0,normal
2026-10-03 18:28:47,4.0,78.8,15.8,7522.0,2163.818181818182,0.0,0.0,1.00390625,400,0,normal
2026-10-03 18:28:58,11.1,79.6,15.8,5497.727272727273,433.72727272727275,0.0,0.0,0.84912109375,400,0,normal
2026-10-03 18:29:09,5.1,79.9,15.8,6218.909090909091,1079.4545454545455,0.0,0.0,0.7177734375,400,0,normal
2026-10-03 18:29:20,3.5,79.8,15.8,5981.363636363636,1902.0,0.0,0.0,0.60693359375,400,0,normal
2026-10-03 18:29:31,30.8,80.1,15.8,6694.181818181818,709.1818181818181,0.0,0.0,0.51318359375,400,0,normal
2026-10-03 18:29:42,29.3,79.3,15.8,5776.909090909091,1197.4545454545455,0.0,0.0,1.0947265625,400,0,normal
2026-10-03 18:29:53,18.4,79.2,15.8,5404.0,1007.3636363636364,0.0,0.0,1.40673828125,400,0,normal
2026-10-03 18:30:04,56.9,80.6,15.8,7536.090909090909,1822.090909090909,0.0,0.0,1.4306640625,400,0,normal
2026-10-03 18:30:15,10.0,80.5,15.8,5768.090909090909,1369.0,0.0,0.0,1.21044921875,400,0,normal
2026-10-03 18:30:26,6.6,81.0,15.8,18508.636363636364,558.8181818181819,0.0,0.0,1.02392578125,398,0,normal
2026-10-03 18:30:37,13.6,79.3,15.8,10356.181818181818,1965.4545454545455,0.0,0.0,1.32666015625,398,0,normal
2026-10-03 18:30:48,9.0,79.0,15.8,7816.0,1153.8181818181818,0.0,0.0,1.1220703125,398,0,normal
2026-10-03 18:30:59,30.8,80.2,15.8,7695.363636363636,1870.6363636363637,0.0,0.0,1.1767578125,398,0,normal
2026-10-03 18:31:10,17.7,81.0,15.8,24909.18181818182,2012.8181818181818,0.0,0.0,1.15625,398,0,normal
2026-10-03 18:31:21,19.1,81.3,15.8,5277.727272727273,441.0,0.0,0.0,1.1318359375,398,0,normal
2026-10-03 18:31:33,9.5,81.6,15.8,5394.916666666667,1334.6666666666667,0.0,0.0,0.88037109375,398,0,normal
2026-10-03 18:31:44,10.7,81.7,15.8,5991.909090909091,1131.090909090909,0.0,0.0,0.9052734375,398,0,normal
2026-10-03 18:31:55,13.6,80.3,15.8,5598.0,1804.5454545454545,0.0,0.0,0.765625,398,0,normal
2026-10-03 18:32:06,5.5,80.3,15.8,4511.909090909091,785.0909090909091,0.0,0.0,0.96826171875,398,0,normal
2026-10-03 18:32:17,15.8,80.4,15.8,5595.636363636364,496.72727272727275,0.0,0.0,0.81884765625,398,0,normal
2026-10-03 18:32:28,15.6,80.4,15.8,5963.272727272727,977.2727272727273,0.0,0.0,0.705078125,398,0,normal
2026-10-03 18:32:39,5.5,80.1,15.8,5131.818181818182,452.72727272727275,0.0,0.0,0.59619140625,399,0,normal
2026-10-03 18:32:50,14.1,80.2,15.8,6191.272727272727,1111.8181818181818,0.0,0.0,0.50439453125,399,0,normal
2026-10-03 18:33:01,9.0,80.1,15.8,6734.454545454545,415.45454545454544,0.0,0.0,0.42626953125,399,0,normal
2026-10-03 18:33:12,36.9,82.0,15.8,7324.181818181818,2217.7272727272725,0.0,0.0,0.50830078125,399,0,normal
2026-10-03 18:33:23,16.5,83.1,15.8,25709.18181818182,1640.090909090909,0.0,0.0,0.734375,399,0,normal
2026-10-03 18:33:34,42.3,83.0,15.8,5248.545454545455,1297.7272727272727,0.0,0.0,0.7685546875,399,0,normal
2026-10-03 18:33:45,15.7,78.9,15.8,6557.909090909091,1738.8181818181818,0.0,0.0,0.73046875,399,0,normal
2026-10-03 18:33:56,18.5,78.5,15.8,6712.363636363636,411.3636363636364,0.0,0.0,0.8583984375,399,0,normal
2026-10-03 18:34:07,20.4,78.5,15.8,15210.818181818182,5183.636363636364,0.0,0.0,0.88671875,399,0,normal
2026-10-03 18:34:18,18.0,78.5,15.8,4386.545454545455,454.54545454545456,0.0,0.0,0.89306640625,399,0,normal
2026-10-03 18:34:29,9.6,78.7,15.8,7081.0,1012.6363636363636,0.0,0.0,0.75537109375,399,0,normal
2026-10-03 18:34:40,25.6,80.2,15.8,5959.818181818182,1011.3636363636364,0.0,0.0,0.7197265625,400,0,normal
2026-10-03 18:34:51,13.6,78.2,15.8,7218.454545454545,2489.090909090909,0.0,0.0,0.6083984375,400,0,normal
2026-10-03 18:35:02,8.5,77.9,15.8,5175.272727272727,484.54545454545456,0.0,0.0,0.5146484375,400,0,normal
2026-10-03 18:35:13,40.6,77.4,15.8,11235.545454545454,2588.2727272727275,0.0,0.0,0.62890625,400,0,normal
2026-10-03 18:35:24,12.2,77.3,15.8,14144.09090909091,901.2727272727273,0.0,0.0,0.53173828125,400,0,normal
2026-10-03 18:35:35,5.1,77.7,15.8,6081.272727272727,1881.0,0.0,0.0,0.44921875,400,0,normal
2026-10-03 18:35:46,8.1,77.8,15.8,5689.636363636364,1202.4545454545455,0.0,0.0,0.3798828125,400,0,normal
2026-10-03 18:35:57,14.0,77.4,15.8,5187.727272727273,417.8181818181818,0.0,0.0,0.8017578125,399,0,normal
2026-10-03 18:36:08,12.2,77.5,15.8,5676.272727272727,423.3636363636364,0.0,0.0,0.8271484375,399,0,normal
2026-10-03 18:36:19,8.1,77.7,15.8,5309.090909090909,402.6363636363636,0.0,0.0,0.69970703125,399,0,normal
2026-10-03 18:36:30,3.5,78.8,15.8,4628.454545454545,464.8181818181818,0.0,0.0,0.591796875,399,0,normal
2026-10-03 18:36:41,11.2,83.3,15.8,5533.090909090909,948.2727272727273,0.0,0.0,0.5,399,0,normal
2026-10-03 18:36:52,9.0,83.1,15.8,5721.0,1191.0,0.0,0.0,0.4228515625,399,0,normal
2026-10-03 18:37:03,11.0,81.6,15.8,5479.545454545455,413.72727272727275,0.0,0.0,0.40283203125,399,0,normal
2026-10-03 18:37:14,20.0,82.0,15.8,26799.727272727272,2638.2727272727275,0.0,0.0,0.34033203125,399,0,normal
2026-10-03 18:37:25,14.1,81.9,15.8,6080.272727272727,437.27272727272725,0.0,0.0,0.28759765625,399,0,normal
2026-10-03 18:37:36,29.1,81.8,15.8,6918.0,2558.818181818182,0.0,0.0,0.4833984375,399,0,normal
2026-10-03 18:37:47,10.6,81.3,15.8,28395.0,3037.818181818182,0.0,0.0,0.5693359375,399,0,normal
2026-10-03 18:37:58,9.6,80.3,15.8,5756.909090909091,456.0,0.0,0.0,0.59033203125,398,0,normal
2026-10-03 18:38:09,6.1,78.6,15.8,5852.181818181818,1388.8181818181818,0.0,0.0,0.720703125,398,0,normal
2026-10-03 18:38:20,10.1,79.9,15.8,6583.727272727273,1499.7272727272727,0.0,0.0,0.609375,398,0,normal
2026-10-03 18:38:31,31.3,80.1,15.8,6768.363636363636,2063.2727272727275,0.0,0.0,0.67626953125,399,0,normal
2026-10-03 18:38:42,14.6,81.2,15.8,27410.81818181818,4055.090909090909,0.0,0.0,0.8740234375,399,0,normal
2026-10-03 18:38:53,12.6,79.5,15.8,6214.909090909091,1134.1818181818182,0.0,0.0,0.6796875,399,0,normal
2026-10-03 18:39:04,36.2,78.2,15.8,6330.636363636364,1542.4545454545455,0.0,0.0,0.64892578125,399,0,normal
2026-10-03 18:39:15,33.3,77.8,15.8,5701.272727272727,434.1818181818182,0.0,0.0,0.6962890625,399,0,normal
2026-10-03 18:39:26,81.6,81.4,15.8,4064.090909090909,1742.5454545454545,0.0,0.0,0.66943359375,399,0,normal
2026-10-03 18:39:37,55.3,86.4,15.8,15854.09090909091,8239.636363636364,0.0,0.0,1.1884765625,399,0,normal
2026-10-03 18:39:48,89.1,89.6,15.8,11301.181818181818,6602.272727272727,0.0,0.0,1.39892578125,399,0,normal
2026-10-03 18:39:59,79.4,83.5,15.8,22281.81818181818,6844.454545454545,0.0,0.0,2.53857421875,399,0,normal
2026-10-03 18:40:10,80.5,85.7,15.8,26713.272727272728,14312.09090909091,0.0,0.0,2.8173828125,399,0,normal
2026-10-03 18:40:21,69.0,90.0,15.8,54485.90909090909,10619.181818181818,0.0,0.0,2.3837890625,399,0,normal
2026-10-03 18:40:32,70.6,84.6,15.8,13287.181818181818,7753.909090909091,0.0,0.0,2.4658203125,402,0,normal
2026-10-03 18:40:43,89.7,87.2,15.8,7409.727272727273,1106.909090909091,0.0,0.0,2.7021484375,402,0,normal
2026-10-03 18:40:54,11.6,87.8,15.8,4996.0,1186.7272727272727,0.0,0.0,2.7412109375,402,0,normal
2026-10-03 18:41:05,15.7,87.2,15.8,6459.0,852.6363636363636,0.0,0.0,2.3193359375,401,0,normal
2026-10-03 18:41:16,42.0,83.3,15.8,5793.636363636364,415.09090909090907,0.0,0.0,2.36328125,400,0,normal
2026-10-03 18:41:27,36.7,81.4,15.8,5590.363636363636,479.45454545454544,0.0,0.0,2.14697265625,400,0,normal
2026-10-03 18:41:38,4.5,81.6,15.8,4716.818181818182,398.72727272727275,0.0,0.0,1.6708984375,400,0,normal
2026-10-03 18:41:49,5.5,80.9,15.8,7306.636363636364,3183.090909090909,0.0,0.0,1.48681640625,399,0,normal
2026-10-03 18:42:00,9.0,81.2,15.8,7208.636363636364,400.54545454545456,0.0,0.0,1.2578125,399,0,normal
2026-10-03 18:42:11,8.6,82.9,15.8,7061.818181818182,392.72727272727275,0.0,0.0,1.52587890625,399,0,normal
2026-10-03 18:42:22,58.4,88.6,15.8,6942.454545454545,462.0,0.0,0.0,1.3642578125,399,0,normal
2026-10-03 18:42:33,3.5,79.6,15.8,5595.363636363636,476.09090909090907,0.0,0.0,1.67138671875,399,0,normal
2026-10-03 18:42:44,7.5,80.1,15.8,5922.818181818182,558.7272727272727,0.0,0.0,1.41357421875,399,0,normal
2026-10-03 18:42:55,29.6,81.2,15.8,11472.727272727272,2526.3636363636365,0.0,0.0,1.26953125,398,0,normal
2026-10-03 18:43:06,12.5,84.7,15.8,4136.363636363636,1909.5454545454545,0.0,0.0,1.07373046875,398,0,normal
2026-10-03 18:43:17,14.6,85.0,15.8,6732.181818181818,481.27272727272725,0.0,0.0,1.36376953125,398,0,normal
2026-10-03 18:43:28,9.0,84.8,15.8,7075.454545454545,441.90909090909093,0.0,0.0,1.06103515625,397,0,normal
2026-10-03 18:43:39,10.1,84.5,15.8,6191.0,407.72727272727275,0.0,0.0,0.8974609375,397,0,normal
2026-10-03 18:43:50,6.5,84.2,15.8,4516.818181818182,2557.181818181818,0.0,0.0,0.7587890625,397,0,normal
2026-10-03 18:44:01,15.1,84.6,15.8,6007.454545454545,781.8181818181819,0.0,0.0,0.6416015625,398,0,normal
2026-10-03 18:44:12,6.1,84.4,15.8,6085.545454545455,406.3636363636364,0.0,0.0,0.54248046875,398,0,normal
2026-10-03 18:44:23,20.2,85.1,15.8,5867.909090909091,405.27272727272725,0.0,0.0,0.421875,398,0,normal
2026-10-03 18:44:34,5.0,80.1,15.8,4087.3636363636365,416.54545454545456,0.0,0.0,0.57763671875,398,0,normal
2026-10-03 18:44:45,29.8,82.0,15.8,8534.363636363636,1908.090909090909,0.0,0.0,0.88330078125,398,0,normal
2026-10-03 18:44:56,4.0,83.1,15.8,27905.272727272728,4727.090909090909,0.0,0.0,0.7470703125,398,0,normal
2026-10-03 18:45:07,6.5,83.5,15.8,6035.545454545455,2081.5454545454545,0.0,0.0,0.85302734375,398,0,normal
2026-10-03 18:45:18,11.8,85.4,15.8,8242.363636363636,3682.0,0.0,0.0,0.73193359375,398,0,normal
2026-10-03 18:45:29,31.5,85.7,15.8,15534.0,5180.181818181818,0.0,0.0,0.61865234375,398,0,normal
2026-10-03 18:45:40,18.9,83.6,15.8,5749.363636363636,4576.272727272727,0.0,0.0,0.97900390625,397,0,normal
2026-10-03 18:45:51,32.3,82.9,15.8,9853.09090909091,2483.4545454545455,0.0,0.0,0.828125,397,0,normal
2026-10-03 18:46:02,5.0,82.4,15.8,6026.181818181818,4155.090909090909,0.0,0.0,0.70068359375,398,0,normal
2026-10-03 18:46:13,10.1,83.5,15.8,5256.636363636364,1021.5454545454545,0.0,0.0,1.27685546875,398,0,normal
2026-10-03 18:46:24,25.3,84.1,15.8,5567.545454545455,474.90909090909093,0.0,0.0,1.080078125,398,0,normal
2026-10-03 18:46:35,12.2,80.1,15.8,6765.090909090909,757.7272727272727,0.0,0.0,0.91357421875,398,0,normal
2026-10-04 08:50:22,99.0,20.2,15.8,0.0,0.0,0.0,0.0,0.16015625,341,0,normal
2026-10-04 08:50:29,3.0,29.5,15.8,738.1428571428571,1241.142857142857,0.0,0.0,0.82080078125,362,0,normal
2026-10-04 08:50:41,98.9,36.6,15.8,127.25,211.41666666666666,0.0,0.0,1.98583984375,430,0,normal
2026-10-04 08:50:52,29.5,44.6,15.8,3869.909090909091,1119.8181818181818,0.0,0.0,2.8115234375,393,0,normal
2026-10-04 08:51:03,11.2,49.4,15.8,624.3636363636364,187.27272727272728,0.0,0.0,2.75390625,395,0,normal
2026-10-04 08:51:14,93.8,62.2,15.8,187159.63636363635,72046.72727272728,0.0,0.0,2.5576171875,407,0,normal
2026-10-04 08:51:25,81.1,64.5,15.8,533651.9090909091,70461.81818181818,0.0,0.0,3.31982421875,409,0,normal
2026-10-04 08:51:36,86.4,66.8,15.8,42034.90909090909,18901.727272727272,0.0,0.0,2.80908203125,409,0,normal
2026-10-04 08:51:47,100.0,77.6,15.8,880981.8181818182,32780.63636363636,0.0,0.0,3.046875,412,0,normal
2026-10-04 08:51:58,64.5,76.5,15.9,379535.36363636365,35235.63636363636,0.0,0.0,3.548828125,414,0,normal
2026-10-04 08:52:09,52.0,78.3,15.9,429362.7272727273,18152.090909090908,0.0,0.0,3.16259765625,414,0,normal
2026-10-04 08:52:20,68.3,73.1,15.8,281326.45454545453,28199.090909090908,0.0,0.0,2.6083984375,413,0,normal
2026-10-04 08:52:31,98.5,77.5,15.9,297149.45454545453,25932.545454545456,0.0,0.0,3.73876953125,413,0,normal
2026-10-04 08:52:42,100.0,78.1,15.9,374324.0,22532.727272727272,0.0,0.0,5.0029296875,414,0,normal
2026-10-04 08:52:53,91.5,80.2,15.9,3726578.4545454546,96939.27272727272,0.0,0.0,6.1943359375,413,0,normal
2026-10-04 08:53:04,16.4,73.2,16.0,2905365.272727273,74308.18181818182,0.0,0.0,5.7578125,413,0,normal
2026-10-04 08:53:15,38.0,75.5,16.1,7443574.0,158484.45454545456,0.0,0.0,4.5615234375,413,0,normal
2026-10-04 08:53:26,37.2,76.8,16.1,1704403.1818181819,29309.090909090908,0.0,0.0,4.08056640625,413,0,normal
2026-10-04 08:53:37,3.5,75.2,16.1,8279.636363636364,2034.7272727272727,0.0,0.0,3.45263671875,413,0,normal
2026-10-04 08:53:48,6.0,75.1,16.1,7543.181818181818,1127.4545454545455,0.0,0.0,2.92138671875,413,0,normal
2026-10-04 08:53:59,6.0,74.3,16.1,6221.0,78.54545454545455,0.0,0.0,2.2734375,413,0,normal
2026-10-04 08:54:10,7.0,74.2,16.1,7273.272727272727,37.81818181818182,0.0,0.0,1.923828125,413,0,normal
2026-10-04 08:54:21,95.0,76.6,16.1,30153.545454545456,4333.181818181818,0.0,0.0,2.2685546875,413,0,normal
2026-10-04 08:54:32,91.5,84.1,16.1,189112.81818181818,16879.727272727272,0.0,0.0,2.146484375,413,0,normal
2026-10-04 08:54:43,4.0,81.7,16.1,109857.72727272728,9349.0,0.0,0.0,1.81591796875,413,0,normal
2026-10-04 08:54:54,5.5,80.0,16.1,5883.454545454545,140.1818181818182,0.0,0.0,1.4130859375,413,0,normal
2026-10-04 08:55:05,14.6,78.0,16.1,4378.0,334.3636363636364,0.0,0.0,1.1953125,413,0,normal
2026-10-04 08:55:16,2.5,73.5,16.1,5341.272727272727,19.09090909090909,0.0,0.0,1.0107421875,413,0,normal
2026-10-04 08:55:27,2.0,73.4,16.1,6972.363636363636,365.3636363636364,0.0,0.0,0.85498046875,413,0,normal
2026-10-04 08:55:38,5.5,73.4,16.1,5584.272727272727,66.81818181818181,0.0,0.0,0.72314453125,413,0,normal
2026-10-04 08:55:49,27.0,72.9,16.1,3805.2727272727275,33.72727272727273,0.0,0.0,0.56201171875,383,0,normal
2026-10-04 08:56:00,19.2,72.7,16.1,5721.909090909091,8.181818181818182,0.0,0.0,1.0234375,383,0,normal
2026-10-04 08:56:11,29.4,74.4,16.1,20755.090909090908,7030.181818181818,0.0,0.0,1.609375,381,0,normal
2026-10-04 08:56:22,84.3,84.1,16.1,69063.45454545454,13487.363636363636,0.0,0.0,1.44189453125,381,0,normal
2026-10-04 08:56:33,13.6,81.7,16.1,44694.90909090909,15810.09090909091,0.0,0.0,1.90283203125,381,0,normal
2026-10-04 08:56:44,5.1,80.2,16.1,6340.0,626.8181818181819,0.0,0.0,1.48046875,380,0,normal
2026-10-04 08:56:55,26.9,80.0,16.1,5566.636363636364,0.0,0.0,0.0,1.25244140625,380,0,normal
2026-10-04 08:57:06,16.7,80.1,16.1,6554.181818181818,382.45454545454544,0.0,0.0,1.0595703125,380,0,normal
2026-10-04 08:57:17,15.1,79.8,16.1,4448.090909090909,1743.5454545454545,0.0,0.0,0.896484375,380,0,normal
2026-10-04 08:57:28,11.6,81.0,16.1,9092.454545454546,1872.090909090909,0.0,0.0,0.91845703125,378,0,normal
2026-10-04 08:57:39,23.9,75.6,16.1,6390.454545454545,2049.818181818182,0.0,0.0,0.93603515625,378,0,normal
2026-10-04 08:57:50,17.3,75.7,16.1,5818.0,545.9090909090909,0.0,0.0,0.79150390625,378,0,normal
2026-10-04 08:58:01,12.6,77.1,16.1,4339.909090909091,264.27272727272725,0.0,0.0,0.8173828125,378,0,normal
2026-10-04 08:58:12,28.1,75.8,16.1,5080.363636363636,45.27272727272727,0.0,0.0,1.091796875,378,0,normal
2026-10-04 08:58:23,48.2,76.3,16.1,6154.0,1352.1818181818182,0.0,0.0,1.0712890625,378,0,normal
2026-10-04 08:58:34,10.1,65.9,16.1,5751.454545454545,645.7272727272727,0.0,0.0,0.83349609375,378,0,normal
2026-10-04 08:58:45,21.2,65.8,16.1,4232.909090909091,27.727272727272727,0.0,0.0,0.705078125,378,0,normal
2026-10-04 08:58:56,17.2,70.6,16.1,21897.090909090908,11801.0,0.0,0.0,1.14501953125,378,0,normal
2026-10-04 08:59:07,43.4,78.2,16.1,108492.72727272728,12321.0,0.0,0.0,1.44970703125,379,0,normal
2026-10-04 08:59:18,42.9,77.5,16.1,38205.27272727273,6003.818181818182,0.0,0.0,1.2265625,379,0,normal
2026-10-04 08:59:29,94.7,77.4,16.1,4596.272727272727,1232.6363636363637,0.0,0.0,2.13134765625,393,0,normal
2026-10-04 08:59:40,99.5,82.1,16.1,18983.363636363636,4804.181818181818,0.0,0.0,3.421875,396,0,normal
2026-10-04 08:59:51,65.2,77.9,16.1,25238.454545454544,293506.0909090909,0.0,0.0,4.76025390625,397,0,normal
2026-10-04 09:00:02,50.8,78.3,16.1,33018.09090909091,36811.181818181816,0.0,0.0,4.02783203125,396,0,normal
2026-10-04 09:00:13,9.6,78.5,16.1,12032.454545454546,11554.181818181818,0.0,0.0,3.56201171875,396,0,normal
2026-10-04 09:00:24,97.5,78.8,16.1,7738.090909090909,145307.18181818182,0.0,0.0,3.5283203125,400,0,normal
2026-10-04 09:00:35,69.9,72.4,16.1,47829.72727272727,166668.27272727274,0.0,0.0,3.1455078125,401,0,normal
2026-10-04 09:00:46,8.5,72.5,16.1,8229.363636363636,2170.181818181818,0.0,0.0,2.66162109375,398,0,normal
2026-10-04 09:00:57,11.9,69.6,16.1,5786.181818181818,530.1818181818181,0.0,0.0,2.57275390625,398,0,normal
2026-10-04 09:01:08,17.0,66.2,16.1,5194.636363636364,106.63636363636364,0.0,0.0,2.32421875,399,0,normal
2026-10-04 09:01:19,11.1,66.3,16.1,6101.0,557.8181818181819,0.0,0.0,1.9501953125,397,0,normal
2026-10-04 09:01:30,10.6,66.5,16.1,5596.818181818182,36.54545454545455,0.0,0.0,2.130859375,397,0,normal
2026-10-04 09:01:41,50.8,68.6,16.1,7856.0,7056.818181818182,0.0,0.0,2.04345703125,399,0,normal
2026-10-04 09:01:52,9.0,67.7,16.1,10267.545454545454,11977.272727272728,0.0,0.0,1.728515625,400,0,normal
2026-10-04 09:02:03,4.5,66.2,16.1,6714.181818181818,1433.7272727272727,0.0,0.0,1.46240234375,396,0,normal
2026-10-04 09:02:14,4.0,67.2,16.1,5589.272727272727,325.90909090909093,0.0,0.0,1.13818359375,396,0,normal
2026-10-04 09:02:25,25.5,67.1,16.1,4226.545454545455,27.272727272727273,0.0,0.0,0.962890625,398,0,normal
2026-10-04 09:02:36,11.7,66.8,16.1,5180.545454545455,187.9090909090909,0.0,0.0,0.97509765625,398,0,normal
2026-10-04 09:02:47,5.1,67.4,16.1,6744.181818181818,2903.2727272727275,0.0,0.0,1.19384765625,398,0,normal
2026-10-04 09:02:58,4.0,67.5,16.1,5544.272727272727,33.0,0.0,0.0,1.08349609375,396,0,normal
2026-10-04 09:03:09,14.6,68.1,16.1,5478.545454545455,19.09090909090909,0.0,0.0,0.99072265625,396,0,normal
2026-10-04 09:03:20,26.7,73.0,16.1,80475.72727272728,11120.545454545454,0.0,0.0,1.50146484375,396,0,normal
2026-10-04 09:03:31,17.9,72.4,16.1,10044.727272727272,2102.5454545454545,0.0,0.0,1.6708984375,395,0,normal
2026-10-04 09:03:42,30.2,73.4,16.1,18964.636363636364,6748.454545454545,0.0,0.0,1.78857421875,394,0,normal
2026-10-04 09:03:53,55.0,76.2,16.1,5952.454545454545,4226.272727272727,0.0,0.0,1.59326171875,394,0,normal
2026-10-04 09:04:04,39.6,77.9,16.1,25038.0,1509.1818181818182,0.0,0.0,1.30712890625,394,0,normal
2026-10-04 09:04:15,13.1,77.4,16.1,12011.636363636364,103.45454545454545,0.0,0.0,1.25341796875,395,0,normal
2026-10-04 09:04:26,9.6,77.7,16.1,5995.090909090909,937.1818181818181,0.0,0.0,1.06005859375,394,0,normal
2026-10-04 09:04:37,12.2,77.2,16.1,4236.363636363636,83.63636363636364,0.0,0.0,0.89697265625,394,0,normal
2026-10-04 09:04:48,34.0,78.3,16.1,13920.818181818182,2368.4545454545455,0.0,0.0,0.9990234375,394,0,normal
2026-10-04 09:04:59,45.5,79.0,16.1,8577.636363636364,1747.2727272727273,0.0,0.0,0.77734375,393,0,normal
2026-10-04 09:05:10,16.0,79.4,16.1,33629.36363636364,6733.090909090909,0.0,0.0,0.6572265625,393,0,normal
2026-10-04 09:05:21,33.7,78.3,16.1,4393.545454545455,422.6363636363636,0.0,0.0,0.85107421875,394,0,normal
2026-10-04 09:05:32,19.4,78.3,16.1,5013.545454545455,25.09090909090909,0.0,0.0,0.7197265625,394,0,normal
2026-10-04 09:05:43,16.1,78.3,16.1,6625.818181818182,2308.3636363636365,0.0,0.0,0.6083984375,394,0,normal
2026-10-04 09:05:54,11.2,78.8,16.1,5620.636363636364,429.90909090909093,0.0,0.0,0.5537109375,394,0,normal
2026-10-04 09:06:05,25.8,78.6,16.1,6397.454545454545,120.27272727272727,0.0,0.0,0.68994140625,394,0,normal
2026-10-04 09:06:16,35.2,77.4,16.1,7997.545454545455,4850.818181818182,0.0,0.0,0.5830078125,394,0,normal
2026-10-04 09:06:27,53.8,78.4,16.1,5996.454545454545,640.7272727272727,0.0,0.0,0.640625,394,0,normal
2026-10-04 09:06:38,11.0,78.4,16.1,8524.09090909091,484.09090909090907,0.0,0.0,0.98388671875,394,0,normal
2026-10-04 09:06:49,6.0,78.4,16.1,4752.181818181818,689.2727272727273,0.0,0.0,0.96923828125,393,0,normal
2026-10-04 09:07:00,4.5,78.6,16.1,5039.181818181818,12.0,0.0,0.0,0.81982421875,393,0,normal
2026-10-04 09:07:11,14.1,78.6,16.1,5681.636363636364,384.3636363636364,0.0,0.0,0.693359375,393,0,normal
2026-10-04 09:07:22,32.0,78.5,16.1,5556.272727272727,6.0,0.0,0.0,0.97509765625,393,0,normal
2026-10-04 09:07:33,45.9,78.5,16.1,25921.18181818182,4275.0,0.0,0.0,0.82470703125,393,0,normal
2026-10-04 09:07:44,57.1,80.4,16.1,77702.72727272728,22749.454545454544,0.0,0.0,1.5029296875,395,0,normal
2026-10-04 09:07:55,21.6,84.1,16.1,101112.45454545454,13423.818181818182,0.0,0.0,1.42529296875,397,0,normal
2026-10-04 09:08:06,15.2,83.2,16.1,8906.0,2072.3636363636365,0.0,0.0,1.43994140625,397,0,normal
2026-10-04 09:08:17,5.5,82.4,16.1,15582.0,2966.5454545454545,0.0,0.0,1.37158203125,398,0,normal
2026-10-04 09:08:28,52.3,82.5,16.1,6840.272727272727,1596.3636363636363,0.0,0.0,1.53564453125,398,0,normal
2026-10-04 09:08:39,5.1,81.9,16.1,10062.636363636364,1518.5454545454545,0.0,0.0,1.68798828125,398,0,normal
2026-10-04 09:08:50,8.6,82.1,16.1,5943.272727272727,333.54545454545456,0.0,0.0,1.58203125,398,0,normal
2026-10-04 09:09:01,25.0,82.7,16.1,36773.0,7131.272727272727,0.0,0.0,1.787109375,398,0,normal
2026-10-04 09:09:12,3.0,82.5,16.1,5360.090909090909,1367.090909090909,0.0,0.0,1.90625,397,0,normal
2026-10-04 09:09:23,56.6,79.8,16.1,83694.18181818182,16216.0,0.0,0.0,2.00732421875,395,0,normal
2026-10-04 09:09:34,81.4,84.3,16.1,599935.4545454546,44500.454545454544,0.0,0.0,2.71337890625,395,0,normal
2026-10-04 09:09:45,15.1,83.9,16.1,50561.27272727273,44226.545454545456,0.0,0.0,2.91845703125,395,0,normal
2026-10-04 09:09:56,15.2,84.0,16.1,22241.363636363636,60599.09090909091,0.0,0.0,2.8447265625,396,0,normal
2026-10-04 09:10:07,53.0,85.0,16.1,8616.90909090909,13504.272727272728,0.0,0.0,2.560546875,396,0,normal
2026-10-04 09:10:18,13.8,86.9,16.1,138301.9090909091,59615.72727272727,0.0,0.0,2.78271484375,396,0,normal
2026-10-04 09:10:29,16.3,87.4,16.1,15500.636363636364,29773.454545454544,0.0,0.0,2.53515625,396,0,normal
2026-10-04 09:10:40,75.6,87.3,16.1,16562.363636363636,15378.0,0.0,0.0,2.8408203125,396,0,normal
2026-10-04 09:10:51,21.7,87.8,16.1,7323.0,2972.909090909091,0.0,0.0,2.5576171875,396,0,normal
2026-10-04 09:11:02,40.1,87.0,16.1,28069.0,10957.272727272728,0.0,0.0,2.39794921875,396,0,normal
2026-10-04 09:11:13,73.2,91.0,16.1,17758.454545454544,9670.545454545454,0.0,0.0,2.34326171875,396,0,normal
2026-10-04 09:11:24,31.7,78.9,16.1,31726.454545454544,8670.181818181818,0.0,0.0,2.43359375,396,0,normal
2026-10-04 09:11:35,22.2,78.6,16.1,7376.454545454545,9742.0,0.0,0.0,2.453125,396,0,normal
2026-10-04 09:11:46,21.9,80.2,16.1,16054.818181818182,11180.272727272728,0.0,0.0,2.1552734375,396,0,normal
2026-10-04 09:11:57,28.8,79.1,16.1,5372.363636363636,1490.8181818181818,0.0,0.0,1.8232421875,396,0,normal
2026-10-04 09:12:08,17.1,79.6,16.1,14497.454545454546,8250.545454545454,0.0,0.0,1.61572265625,396,0,normal
2026-10-04 09:12:19,8.6,78.5,16.1,5906.090909090909,933.0,0.0,0.0,1.47900390625,396,0,normal
2026-10-04 09:12:30,24.6,77.1,16.1,6429.181818181818,1785.090909090909,0.0,0.0,1.39892578125,396,0,normal
2026-10-04 09:12:41,73.2,78.6,16.1,17117.363636363636,14360.272727272728,0.0,0.0,1.6640625,396,0,normal
2026-10-04 09:12:52,21.1,78.7,16.1,6896.636363636364,2350.5454545454545,0.0,0.0,1.40771484375,396,0,normal
2026-10-04 09:13:03,8.6,78.2,16.1,8396.545454545454,2951.0,0.0,0.0,1.58544921875,395,0,normal
2026-10-04 09:13:14,10.1,78.2,16.1,10148.181818181818,584.0,0.0,0.0,1.369140625,394,0,normal
2026-10-04 09:13:25,13.1,78.0,16.1,7803.454545454545,42.18181818181818,0.0,0.0,1.158203125,394,0,normal
2026-10-04 09:13:36,36.5,77.5,16.1,6695.363636363636,4749.181818181818,0.0,0.0,0.97998046875,394,0,normal
2026-10-04 09:13:47,24.6,81.1,16.1,6968.454545454545,3799.0,0.0,0.0,1.21728515625,394,0,normal
2026-10-04 09:13:58,7.6,81.1,16.1,36075.09090909091,3612.909090909091,0.0,0.0,1.34423828125,395,0,normal
2026-10-04 09:14:09,99.0,84.2,16.1,169665.45454545456,11835.09090909091,0.0,0.0,1.8525390625,395,0,normal
2026-10-04 09:14:20,66.0,83.0,16.1,236172.45454545456,13855.818181818182,0.0,0.0,1.72119140625,397,0,normal
2026-10-04 09:14:31,13.1,79.1,16.1,8477.818181818182,1518.1818181818182,0.0,0.0,1.68408203125,397,0,normal
2026-10-04 09:14:42,13.6,77.0,16.1,17902.545454545456,1560.5454545454545,0.0,0.0,1.572265625,401,0,normal
2026-10-04 09:14:53,16.2,76.5,16.1,5866.0,810.2727272727273,0.0,0.0,1.41015625,398,0,normal
2026-10-04 09:15:04,15.4,76.1,16.1,4553.363636363636,105.27272727272727,0.0,0.0,1.09716796875,398,0,normal
2026-10-04 09:15:15,17.7,76.7,16.1,6826.909090909091,4364.909090909091,0.0,0.0,1.076171875,398,0,normal
2026-10-04 09:15:26,33.2,78.8,16.1,13810.09090909091,5161.909090909091,0.0,0.0,1.23095703125,398,0,normal
2026-10-04 09:15:37,9.2,79.2,16.1,8188.090909090909,9948.0,0.0,0.0,1.04150390625,398,0,normal
2026-10-04 09:15:48,13.6,78.3,16.1,4218.909090909091,181.27272727272728,0.0,0.0,1.39697265625,398,0,normal
2026-10-04 09:15:59,13.6,75.7,16.1,5853.090909090909,1707.5454545454545,0.0,0.0,1.44384765625,402,0,normal
2026-10-04 09:16:10,57.8,76.1,16.1,6149.909090909091,599.1818181818181,0.0,0.0,1.3017578125,402,0,normal
2026-10-04 09:16:21,21.7,76.1,16.1,7758.090909090909,987.4545454545455,0.0,0.0,1.10107421875,402,0,normal
2026-10-04 09:16:32,7.1,76.6,16.1,7277.363636363636,2545.181818181818,0.0,0.0,1.091796875,402,0,normal
2026-10-04 09:16:43,45.9,75.8,16.1,6821.727272727273,3141.5454545454545,0.0,0.0,1.32421875,402,0,normal
2026-10-04 09:16:54,27.9,76.9,16.1,7394.545454545455,89.0909090909091,0.0,0.0,1.25146484375,402,0,normal
2026-10-04 09:17:05,63.5,76.3,16.1,5960.636363636364,2404.4545454545455,0.0,0.0,1.21923828125,402,0,normal
2026-10-04 09:17:16,51.5,77.8,16.1,13090.272727272728,6957.090909090909,0.0,0.0,1.345703125,402,0,normal
2026-10-04 09:17:27,8.0,76.5,16.1,6406.636363636364,2324.909090909091,0.0,0.0,1.138671875,402,0,normal
2026-10-04 09:17:38,12.6,76.1,16.1,5851.090909090909,4370.636363636364,0.0,0.0,0.96337890625,402,0,normal
2026-10-04 09:17:49,54.1,76.5,16.1,6039.454545454545,2717.0,0.0,0.0,1.75830078125,402,0,normal
2026-10-04 09:18:00,21.8,76.8,16.1,5587.454545454545,3549.5454545454545,0.0,0.0,2.3720703125,402,0,normal
2026-10-04 09:18:11,17.6,76.7,16.1,8327.818181818182,2294.818181818182,0.0,0.0,2.24755859375,402,0,normal
2026-10-04 09:18:22,11.6,77.6,16.1,17273.727272727272,7513.272727272727,0.0,0.0,2.36962890625,402,0,normal
2026-10-04 09:18:33,16.8,78.5,16.1,7162.272727272727,2169.6363636363635,0.0,0.0,2.07861328125,402,0,normal
2026-10-04 09:18:44,8.5,77.9,16.1,4750.272727272727,4945.727272727273,0.0,0.0,1.61767578125,402,0,normal
2026-10-04 09:18:55,32.8,78.5,16.1,9139.545454545454,2074.0,0.0,0.0,1.36865234375,401,0,normal
2026-10-04 09:19:06,21.2,78.2,16.1,54640.545454545456,22902.909090909092,0.0,0.0,1.478515625,404,0,normal
2026-10-04 09:19:17,28.3,78.1,16.1,5623.090909090909,3355.3636363636365,0.0,0.0,1.25048828125,404,0,normal
2026-10-04 09:19:28,36.0,76.9,16.1,4590.272727272727,114.18181818181819,0.0,0.0,1.51953125,405,0,normal
2026-10-04 09:19:39,36.4,76.5,16.1,10141.727272727272,4192.909090909091,0.0,0.0,1.953125,405,0,normal
2026-10-04 09:19:50,75.6,73.4,16.1,15844.545454545454,541.4545454545455,0.0,0.0,2.041015625,404,0,normal
2026-10-04 09:20:01,11.2,75.1,16.1,6046.363636363636,717.6363636363636,0.0,0.0,1.72705078125,404,0,normal
2026-10-04 09:20:12,21.9,75.8,16.1,4136.272727272727,35.09090909090909,0.0,0.0,1.4609375,404,0,normal
2026-10-04 09:20:23,56.1,75.6,16.1,5711.090909090909,2841.090909090909,0.0,0.0,1.23583984375,403,0,normal
2026-10-04 09:20:34,13.1,75.6,16.1,6728.818181818182,1061.090909090909,0.0,0.0,1.2021484375,403,0,normal
2026-10-04 09:20:45,31.6,76.2,16.1,9477.818181818182,1196.5454545454545,0.0,0.0,1.4912109375,403,0,normal
2026-10-04 09:20:56,100.0,76.1,16.1,5903.909090909091,2264.6363636363635,0.0,0.0,1.42236328125,405,1,cpu_anomaly
2026-10-04 09:21:07,100.0,76.2,16.1,6105.636363636364,79.63636363636364,0.0,0.0,1.51171875,405,1,cpu_anomaly
2026-10-04 09:21:18,100.0,76.4,16.1,5656.545454545455,960.0,0.0,0.0,1.98779296875,405,1,cpu_anomaly
2026-10-04 09:21:29,100.0,76.5,16.1,8802.09090909091,730.0,0.0,0.0,2.064453125,405,1,cpu_anomaly
2026-10-04 09:21:40,100.0,77.6,16.1,22988.636363636364,7116.636363636364,0.0,0.0,2.05419921875,405,1,cpu_anomaly
2026-10-04 09:21:51,100.0,78.5,16.1,6817.181818181818,6699.636363636364,0.0,0.0,2.3408203125,405,1,cpu_anomaly
2026-10-04 09:22:02,11.1,78.8,16.1,7001.909090909091,10148.545454545454,0.0,0.0,2.2880859375,403,0,normal
2026-10-04 09:22:13,5.6,78.8,16.1,5627.636363636364,578.1818181818181,0.0,0.0,1.935546875,404,0,normal
2026-10-04 09:22:24,16.6,78.3,16.1,8588.636363636364,1850.0,0.0,0.0,1.580078125,404,0,normal
2026-10-04 09:22:35,17.9,78.9,16.1,6336.454545454545,3005.818181818182,0.0,0.0,1.55810546875,404,0,normal
2026-10-04 09:22:46,47.0,78.7,16.1,5672.272727272727,77.9090909090909,0.0,0.0,1.31787109375,404,0,normal
2026-10-04 09:22:57,31.1,78.1,16.1,14310.454545454546,8549.818181818182,0.0,0.0,1.1884765625,404,0,normal
2026-10-04 09:23:08,7.5,76.8,16.1,5333.545454545455,396.09090909090907,0.0,0.0,1.00537109375,404,0,normal
2026-10-04 09:23:19,16.1,77.5,16.1,6094.727272727273,962.4545454545455,0.0,0.0,0.85009765625,404,0,normal
2026-10-04 09:23:30,11.1,76.5,16.1,7693.272727272727,1948.4545454545455,0.0,0.0,0.71875,404,0,normal
2026-10-04 09:23:41,7.6,77.0,16.1,6148.454545454545,4648.272727272727,0.0,0.0,0.60791015625,404,0,normal
2026-10-04 09:23:52,54.4,78.5,16.1,13198.181818181818,7429.0,0.0,0.0,0.80908203125,404,0,normal
2026-10-04 09:24:03,6.5,77.5,16.1,6226.636363636364,4181.090909090909,0.0,0.0,0.8447265625,404,0,normal
2026-10-04 09:24:14,36.4,77.1,16.1,5605.545454545455,72.18181818181819,0.0,0.0,1.1689453125,403,0,normal
2026-10-04 09:24:25,70.4,77.3,16.1,6230.545454545455,4297.363636363636,0.0,0.0,0.98876953125,403,0,normal
2026-10-04 09:24:36,27.3,77.4,16.1,8192.0,4289.636363636364,0.0,0.0,1.95166015625,403,0,normal
2026-10-04 09:24:47,15.2,78.9,16.1,22826.727272727272,7701.272727272727,0.0,0.0,1.724609375,402,0,normal
2026-10-04 09:24:58,15.9,74.5,16.1,7111.0,7432.363636363636,0.0,0.0,1.5390625,402,0,normal
2026-10-04 09:25:09,46.0,75.0,16.1,12517.90909090909,5362.090909090909,0.0,0.0,1.35791015625,402,0,normal
2026-10-04 09:25:20,27.3,75.1,16.1,7432.909090909091,5267.727272727273,0.0,0.0,1.14892578125,402,0,normal
2026-10-04 09:25:31,41.3,75.5,16.1,6455.363636363636,6060.909090909091,0.0,0.0,0.9716796875,402,0,normal
2026-10-04 09:25:42,38.4,75.4,16.1,7669.090909090909,2409.7272727272725,0.0,0.0,1.04296875,402,0,normal
2026-10-04 09:25:53,29.7,77.7,16.1,13909.818181818182,7105.454545454545,0.0,0.0,1.03564453125,402,0,normal
2026-10-04 09:26:04,64.5,74.5,16.1,7156.545454545455,4315.0,0.0,0.0,0.88623046875,402,0,normal
2026-10-04 09:26:15,58.5,74.9,16.1,6469.090909090909,5434.818181818182,0.0,0.0,0.74951171875,402,0,normal
2026-10-04 09:26:26,19.7,74.5,16.1,10887.90909090909,4701.454545454545,0.0,0.0,0.6337890625,402,0,normal
2026-10-04 09:26:37,52.6,76.3,16.1,15857.272727272728,7190.636363636364,0.0,0.0,1.13232421875,402,0,normal
2026-10-04 09:26:48,24.4,76.4,16.1,5119.636363636364,3875.6363636363635,0.0,0.0,1.59912109375,402,0,normal
2026-10-04 09:26:59,22.3,76.0,16.1,6124.545454545455,5204.727272727273,0.0,0.0,1.244140625,402,0,normal
2026-10-04 09:27:10,8.0,76.0,16.1,6104.727272727273,2985.0,0.0,0.0,1.05224609375,400,0,normal
2026-10-04 09:27:21,7.6,75.8,16.1,6730.454545454545,2258.090909090909,0.0,0.0,1.130859375,400,0,normal
2026-10-04 09:27:32,18.6,76.4,16.1,13198.818181818182,7350.181818181818,0.0,0.0,1.0302734375,400,0,normal
2026-10-04 09:27:43,33.8,74.9,16.1,6025.0,4729.454545454545,0.0,0.0,0.87158203125,400,0,normal
2026-10-04 09:27:54,25.8,75.0,16.1,9409.181818181818,1666.909090909091,0.0,0.0,1.25146484375,400,0,normal
2026-10-04 09:28:05,41.1,75.0,16.1,7383.181818181818,600.1818181818181,0.0,0.0,1.05859375,400,0,normal
2026-10-04 09:28:16,20.3,75.1,16.1,4328.545454545455,20.0,0.0,0.0,0.97607421875,400,0,normal
2026-10-04 09:28:27,30.7,74.7,16.1,5800.181818181818,975.5454545454545,0.0,0.0,1.42138671875,400,0,normal
2026-10-04 09:28:38,19.4,77.9,16.1,6123.727272727273,2623.5454545454545,0.0,0.0,1.8720703125,401,0,normal
2026-10-04 09:28:49,19.2,78.3,16.1,6652.363636363636,49.27272727272727,0.0,0.0,2.04638671875,401,0,normal
2026-10-04 09:29:00,35.4,78.7,16.1,4769.181818181818,2026.6363636363637,0.0,0.0,2.13232421875,401,0,normal
2026-10-04 09:29:11,8.0,80.8,16.1,14581.545454545454,6359.363636363636,0.0,0.0,2.1728515625,401,0,normal
2026-10-04 09:29:22,5.5,80.9,16.1,6111.454545454545,1284.1818181818182,0.0,0.0,1.9853515625,402,0,normal
2026-10-04 09:29:33,38.9,80.9,16.1,7204.818181818182,3856.181818181818,0.0,0.0,1.9013671875,402,0,normal
2026-10-04 09:29:44,22.1,81.0,16.1,13318.454545454546,5402.363636363636,0.0,0.0,1.5537109375,402,0,normal
2026-10-04 09:29:55,21.4,81.7,16.1,18439.727272727272,7670.636363636364,0.0,0.0,1.38818359375,401,0,normal
2026-10-04 09:30:06,35.2,79.4,16.1,6707.181818181818,2253.818181818182,0.0,0.0,1.39599609375,402,0,normal
2026-10-04 09:30:17,54.8,79.6,16.1,5598.454545454545,975.9090909090909,0.0,0.0,1.18115234375,402,0,normal
2026-10-04 09:30:28,27.3,79.3,16.1,5150.727272727273,8732.727272727272,0.0,0.0,1.8681640625,402,0,normal
2026-10-04 09:30:39,42.6,79.5,16.1,12513.0,3526.7272727272725,0.0,0.0,1.53369140625,402,0,normal
2026-10-04 09:30:50,23.7,79.7,16.1,16097.545454545454,7792.636363636364,0.0,0.0,1.29736328125,402,0,normal
2026-10-04 09:31:01,35.5,78.9,16.1,7126.727272727273,4553.818181818182,0.0,0.0,1.09765625,402,0,normal
2026-10-04 10:44:31,13.6,80.3,16.1,0.0,0.0,0.0,0.0,0.86669921875,401,0,normal
2026-10-04 10:44:37,7.5,79.9,16.1,6278.333333333333,1258.6666666666667,922965.3333333334,204117.3333333333,0.796875,399,0,normal
2026-10-04 10:44:43,36.2,79.8,16.1,4494.5,108.5,8192.0,2730.6666666666665,0.73291015625,399,0,normal
2026-10-04 10:44:49,8.1,79.7,16.1,7801.833333333333,11206.333333333334,15018.666666666666,255829.3333333333,0.673828125,399,0,normal
2026-10-04 10:46:41,24.0,78.4,16.1,6902.285714285715,2409.723214285714,19529.14285714286,37615762.28571428,0.5517578125,400,0,normal
2026-10-04 10:46:47,10.1,78.2,16.1,6445.333333333333,1212.5,4096.0,10069.333333333334,0.50732421875,398,0,normal
2026-10-04 10:46:53,4.0,78.2,16.1,4774.833333333333,57.66666666666666,1365.3333333333333,0.0,0.46630859375,398,0,normal
2026-10-04 10:46:59,70.7,79.3,16.1,7792.166666666667,3247.1666666666665,4608000.0,66901.33333333333,0.4287109375,398,0,normal
2026-10-04 10:47:05,43.8,79.1,16.1,4860.833333333333,3673.5,9805824.0,29866.666666666668,0.39404296875,399,0,normal
2026-10-04 10:47:11,14.1,78.5,16.1,7808.333333333333,8221.833333333334,404138.6666666667,2404693.333333333,0.78857421875,401,0,normal
2026-10-04 10:47:17,71.1,79.2,19.2,4993.166666666667,4326.166666666667,611669.3333333334,699664725.3333334,0.8056640625,400,0,normal
2026-10-04 10:47:23,75.9,79.7,19.2,6357.666666666667,712.3333333333334,491520.0,1183914.6666666667,0.74072265625,399,0,normal
2026-10-04 10:47:29,35.4,77.4,19.2,6271.833333333333,4901.5,679936.0,9243306.666666666,0.921875,400,0,normal
2026-10-04 10:47:35,25.3,77.5,19.2,8487.333333333334,1805.1666666666667,24576.0,103424.0,0.84765625,401,0,normal
2026-10-04 10:47:41,22.8,77.8,19.2,7132.666666666667,2814.5,1365.3333333333333,327680.0,1.01171875,402,0,normal
2026-10-04 10:47:47,11.6,77.7,19.2,10313.666666666666,11.0,4096.0,11264.0,0.9306640625,400,0,normal
2026-10-04 10:47:53,21.4,77.6,19.2,4382.833333333333,143.16666666666666,1505962.6666666667,97792.0,0.85595703125,400,0,normal
2026-10-04 10:51:53,21.5,77.9,16.1,8345.2875,4746.791666666667,422263.4666666667,743569.0666666667,1.53466796875,406,0,normal
2026-10-04 10:51:59,18.1,77.7,16.1,6188.666666666667,1943.6666666666667,228010.66666666663,20309.33333333333,1.49169921875,402,0,normal
2026-10-04 10:52:05,9.7,77.6,16.1,5121.333333333333,63.66666666666666,271701.3333333333,19285.33333333333,1.4521484375,402,0,normal
2026-10-04 10:52:11,19.7,77.6,16.1,6237.5,2202.6666666666665,4143786.6666666665,229546.66666666663,1.4560546875,402,0,normal
2026-10-04 10:52:17,6.1,77.9,16.1,5273.166666666667,65.5,5461.333333333333,0.0,1.41943359375,402,0,normal
2026-10-04 10:52:23,25.6,77.9,16.1,6372.666666666667,2478.6666666666665,17749.333333333332,259413.3333333333,1.3857421875,403,0,normal
2026-10-04 10:52:29,11.2,77.8,16.1,4935.0,3672.3333333333335,1459541.3333333333,211968.0,1.67529296875,404,0,normal
2026-10-04 10:52:35,24.0,78.0,16.1,6449.333333333333,4904.166666666667,692224.0,189269.3333333333,1.62109375,402,0,normal
2026-10-04 10:52:41,22.3,77.9,16.1,7939.666666666667,4594.0,113322.66666666669,194901.3333333333,1.68603515625,402,0,normal
2026-10-04 10:52:47,37.8,78.1,17.3,6615.666666666667,10531.5,35498.666666666664,193446229.3333333,1.71142578125,403,1,disk_io_anomaly
2026-10-04 10:52:53,29.4,78.1,21.1,5533.833333333333,53.5,47786.66666666666,793485994.6666666,2.21533203125,404,1,disk_io_anomaly
2026-10-04 10:52:59,12.6,78.0,22.3,5311.166666666667,693.8333333333334,4096.0,411601408.0,2.11767578125,404,1,disk_io_anomaly
2026-10-04 10:53:05,43.2,78.0,22.3,5483.833333333333,3576.1666666666665,25941.33333333333,428544.0,2.3486328125,402,1,disk_io_anomaly
2026-10-04 10:53:11,34.7,77.0,16.1,6374.0,3658.3333333333335,17749.333333333332,252416.0,2.30126953125,401,0,normal
2026-10-04 10:53:17,14.2,77.2,16.1,5403.666666666667,2643.833333333333,8192.0,268970.6666666667,2.19677734375,401,0,normal
2026-10-04 10:53:23,5.1,77.3,16.1,5442.833333333333,26.666666666666668,4096.0,18944.0,2.1005859375,401,0,normal
