timestamp,cpu,memory,disk,network_in,network_out,network_in_rate,network_out_rate,disk_read_bytes,disk_write_bytes,disk_read_rate,disk_write_rate,load,process_count,label,anomaly_type
2026-10-04 10:44:31,13.6,80.3,16.1,343139833,44350435,0.0,0.0,25544509440,16232290304,0.0,0.0,0.86669921875,401,0,normal
2026-10-04 10:44:37,7.5,79.9,16.1,343177503,44357987,6278.333333333333,1258.6666666666667,25550047232,16233515008,922965.3333333334,204117.33333333334,0.796875,399,0,normal
2026-10-04 10:44:43,36.2,79.8,16.1,343204470,44358638,4494.5,108.5,25550096384,16233531392,8192.0,2730.6666666666665,0.73291015625,399,0,normal
2026-10-04 10:44:49,8.1,79.7,16.1,343251281,44425876,7801.833333333333,11206.333333333334,25550186496,16235066368,15018.666666666666,255829.33333333334,0.673828125,399,0,normal
2026-10-04 10:46:41,24.0,78.4,16.1,344024337,44695765,6902.285714285715,2409.723214285714,25552373760,20448031744,19529.14285714286,37615762.28571428,0.5517578125,400,0,normal
2026-10-04 10:46:47,10.1,78.2,16.1,344063009,44703040,6445.333333333333,1212.5,25552398336,20448092160,4096.0,10069.333333333334,0.50732421875,398,0,normal
2026-10-04 10:46:53,4.0,78.2,16.1,344091658,44703386,4774.833333333333,57.666666666666664,25552406528,20448092160,1365.3333333333333,0.0,0.46630859375,398,0,normal
2026-10-04 10:46:59,70.7,79.3,16.1,344138411,44722869,7792.166666666667,3247.1666666666665,25580054528,20448493568,4608000.0,66901.33333333333,0.4287109375,398,0,normal
2026-10-04 10:47:05,43.8,79.1,16.1,344167576,44744910,4860.833333333333,3673.5,25638889472,20448672768,9805824.0,29866.666666666668,0.39404296875,399,0,normal
2026-10-04 10:47:11,14.1,78.5,16.1,344214426,44794241,7808.333333333333,8221.833333333334,25641314304,20463100928,404138.6666666667,2404693.3333333335,0.78857421875,401,0,normal
2026-10-04 10:47:17,71.1,79.2,19.2,344244385,44820198,4993.166666666667,4326.166666666667,25644984320,24661089280,611669.3333333334,699664725.3333334,0.8056640625,400,0,normal
2026-10-04 10:47:23,75.9,79.7,19.2,344282531,44824472,6357.666666666667,712.3333333333334,25647933440,24668192768,491520.0,1183914.6666666667,0.74072265625,399,0,normal
2026-10-04 10:47:29,35.4,77.4,19.2,344320162,44853881,6271.833333333333,4901.5,25652013056,24723652608,679936.0,9243306.666666666,0.921875,400,0,normal
2026-10-04 10:47:35,25.3,77.5,19.2,344371086,44864712,8487.333333333334,1805.1666666666667,25652160512,24724273152,24576.0,103424.0,0.84765625,401,0,normal
2026-10-04 10:47:41,22.8,77.8,19.2,344413882,44881599,7132.666666666667,2814.5,25652168704,24726239232,1365.3333333333333,327680.0,1.01171875,402,0,normal
2026-10-04 10:47:47,11.6,77.7,19.2,344475764,44881665,10313.666666666666,11.0,25652193280,24726306816,4096.0,11264.0,0.9306640625,400,0,normal
2026-10-04 10:47:53,21.4,77.6,19.2,344502061,44882524,4382.833333333333,143.16666666666666,25661229056,24726893568,1505962.6666666667,97792.0,0.85595703125,400,0,normal
2026-10-04 10:51:53,21.5,77.9,16.1,346504930,46021754,8345.2875,4746.791666666667,25762572288,24905350144,422263.4666666667,743569.0666666667,1.53466796875,406,0,normal
2026-10-04 10:51:59,18.1,77.7,16.1,346542062,46033416,6188.666666666667,1943.6666666666667,25763940352,24905472000,228010.66666666666,20309.333333333332,1.49169921875,402,0,normal
2026-10-04 10:52:05,9.7,77.6,16.1,346572790,46033798,5121.333333333333,63.666666666666664,25765570560,24905587712,271701.3333333333,19285.333333333332,1.4521484375,402,0,normal
2026-10-04 10:52:11,19.7,77.6,16.1,346610215,46047014,6237.5,2202.6666666666665,25790433280,24906964992,4143786.6666666665,229546.66666666666,1.4560546875,402,0,normal
2026-10-04 10:52:17,6.1,77.9,16.1,346641854,46047407,5273.166666666667,65.5,25790466048,24906964992,5461.333333333333,0.0,1.41943359375,402,0,normal
2026-10-04 10:52:23,25.6,77.9,16.1,346680090,46062279,6372.666666666667,2478.6666666666665,25790572544,24908521472,17749.333333333332,259413.33333333334,1.3857421875,403,0,normal
2026-10-04 10:52:29,11.2,77.8,16.1,346709700,46084313,4935.0,3672.3333333333335,25799329792,24909793280,1459541.3333333333,211968.0,1.67529296875,404,0,normal
2026-10-04 10:52:35,24.0,78.0,16.1,346748396,46113738,6449.333333333333,4904.166666666667,25803483136,24910928896,692224.0,189269.33333333334,1.62109375,402,0,normal
2026-10-04 10:52:41,22.3,77.9,16.1,346796034,46141302,7939.666666666667,4594.0,25804163072,24912098304,113322.66666666667,194901.33333333334,1.68603515625,402,0,normal
2026-10-04 10:52:47,37.8,78.1,17.3,346835728,46204491,6615.666666666667,10531.5,25804376064,26072775680,35498.666666666664,193446229.33333334,1.71142578125,403,1,disk_io_anomaly
2026-10-04 10:52:53,29.4,78.1,21.1,346868931,46204812,5533.833333333333,53.5,25804662784,30833691648,47786.666666666664,793485994.6666666,2.21533203125,404,1,disk_io_anomaly
2026-10-04 10:52:59,12.6,78.0,22.3,346900798,46208975,5311.166666666667,693.8333333333334,25804687360,33303300096,4096.0,411601408.0,2.11767578125,404,1,disk_io_anomaly
2026-10-04 10:53:05,43.2,78.0,22.3,346933701,46230432,5483.833333333333,3576.1666666666665,25804843008,33305871360,25941.333333333332,428544.0,2.3486328125,402,1,disk_io_anomaly
2026-10-04 10:53:11,34.7,77.0,16.1,346971945,46252382,6374.0,3658.3333333333335,25804949504,33307385856,17749.333333333332,252416.0,2.30126953125,401,0,normal
2026-10-04 10:53:17,14.2,77.2,16.1,347004367,46268245,5403.666666666667,2643.8333333333335,25804998656,33308999680,8192.0,268970.6666666667,2.19677734375,401,0,normal
2026-10-04 10:53:23,5.1,77.3,16.1,347037024,46268405,5442.833333333333,26.666666666666668,25805023232,33309113344,4096.0,18944.0,2.1005859375,401,0,normal
2026-10-04 11:13:49,18.2,79.4,16.1,356276781,51729005,7536.506525285481,4453.996737357259,26705831936,33924505600,734754.2446982055,501951.2691680261,0.986328125,404,0,normal
2026-10-04 11:13:55,37.1,77.8,16.1,356325103,51743993,8053.666666666667,2498.0,26706053120,33924699136,36864.0,32256.0,0.98779296875,401,0,normal
2026-10-04 11:14:01,36.9,77.2,16.1,356356845,51744285,5290.333333333333,48.666666666666664,26706159616,33925116928,17749.333333333332,69632.0,0.83544921875,401,0,normal
2026-10-04 11:14:07,41.6,76.6,16.1,356382631,51744379,4297.666666666667,15.666666666666666,26706176000,33926292480,2730.6666666666665,195925.33333333334,0.76806640625,401,0,normal
2026-10-04 11:14:13,27.3,76.3,16.1,356414250,51751119,5269.833333333333,1123.3333333333333,26706184192,33926521856,1365.3333333333333,38229.333333333336,0.70654296875,401,0,normal
2026-10-04 11:14:19,11.1,76.2,16.1,356452017,51767221,6294.5,2683.6666666666665,26706208768,33928569856,4096.0,341333.3333333333,0.64990234375,401,0,normal
2026-10-04 11:14:25,17.2,76.1,16.1,356480050,51767561,4672.166666666667,56.666666666666664,26706208768,33929634816,0.0,177493.33333333334,0.59765625,401,0,normal
2026-10-04 11:14:31,40.5,76.1,16.1,356503957,51780310,3984.5,2124.8333333333335,26706298880,33930654720,15018.666666666666,169984.0,0.5048828125,403,0,normal
2026-10-04 11:14:37,14.7,76.6,16.1,356540047,51862039,6015.0,13621.5,26706388992,33934474240,15018.666666666666,636586.6666666666,0.46435546875,401,0,normal
2026-10-04 11:14:43,44.2,78.5,16.1,356577302,51912490,6209.166666666667,8408.5,26719258624,33946560512,2144938.6666666665,2014378.6666666667,0.66748046875,401,0,normal
2026-10-04 11:14:49,62.0,79.3,16.1,356697733,51987909,20071.833333333332,12569.833333333334,26719520768,33949696000,43690.666666666664,522581.3333333333,0.61376953125,400,0,normal
2026-10-04 11:14:55,15.2,79.3,16.1,356727499,52045237,4961.0,9554.666666666666,26719610880,33951832064,15018.666666666666,356010.6666666667,0.564453125,400,0,normal
2026-10-04 11:15:01,54.8,78.9,16.1,356767533,52048915,6672.333333333333,613.0,26719660032,33951856640,8192.0,4096.0,1.0380859375,402,0,normal
