timestamp,cpu,memory,disk,network_in_rate,network_out_rate,disk_read_rate,disk_write_rate,load,process_count,label
2026-10-04 10:44:31,13.6,80.3,16.1,0.0,0.0,0.0,0.0,0.86669921875,401,0
2026-10-04 10:44:37,7.5,79.9,16.1,6278.333333333333,1258.6666666666667,922965.3333333334,204117.33333333334,0.796875,399,0
2026-10-04 10:44:43,36.2,79.8,16.1,4494.5,108.5,8192.0,2730.6666666666665,0.73291015625,399,0
2026-10-04 10:44:49,8.1,79.7,16.1,7801.833333333333,11206.333333333334,15018.666666666666,255829.33333333334,0.673828125,399,0
2026-10-04 10:46:41,24.0,78.4,16.1,6902.285714285715,2409.723214285714,19529.14285714286,37615762.28571428,0.5517578125,400,0
2026-10-04 10:46:47,10.1,78.2,16.1,6445.333333333333,1212.5,4096.0,10069.333333333334,0.50732421875,398,0
2026-10-04 10:46:53,4.0,78.2,16.1,4774.833333333333,57.666666666666664,1365.3333333333333,0.0,0.46630859375,398,0
2026-10-04 10:46:59,70.7,79.3,16.1,7792.166666666667,3247.1666666666665,4608000.0,66901.33333333333,0.4287109375,398,0
2026-10-04 10:47:05,43.8,79.1,16.1,4860.833333333333,3673.5,9805824.0,29866.666666666668,0.39404296875,399,0
2026-10-04 10:47:11,14.1,78.5,16.1,7808.333333333333,8221.833333333334,404138.6666666667,2404693.3333333335,0.78857421875,401,0
2026-10-04 10:47:17,71.1,79.2,19.2,4993.166666666667,4326.166666666667,611669.3333333334,699664725.3333334,0.8056640625,400,0
2026-10-04 10:47:23,75.9,79.7,19.2,6357.666666666667,712.3333333333334,491520.0,1183914.6666666667,0.74072265625,399,0
2026-10-04 10:47:29,35.4,77.4,19.2,6271.833333333333,4901.5,679936.0,9243306.666666666,0.921875,400,0
2026-10-04 10:47:35,25.3,77.5,19.2,8487.333333333334,1805.1666666666667,24576.0,103424.0,0.84765625,401,0
2026-10-04 10:47:41,22.8,77.8,19.2,7132.666666666667,2814.5,1365.3333333333333,327680.0,1.01171875,402,0
2026-10-04 10:47:47,11.6,77.7,19.2,10313.666666666666,11.0,4096.0,11264.0,0.9306640625,400,0
2026-10-04 10:47:53,21.4,77.6,19.2,4382.833333333333,143.16666666666666,1505962.6666666667,97792.0,0.85595703125,400,0
2026-10-04 10:51:53,21.5,77.9,16.1,8345.2875,4746.791666666667,422263.4666666667,743569.0666666667,1.53466796875,406,0
2026-10-04 10:51:59,18.1,77.7,16.1,6188.666666666667,1943.6666666666667,228010.66666666666,20309.333333333332,1.49169921875,402,0
2026-10-04 10:52:05,9.7,77.6,16.1,5121.333333333333,63.666666666666664,271701.3333333333,19285.333333333332,1.4521484375,402,0
2026-10-04 10:52:11,19.7,77.6,16.1,6237.5,2202.6666666666665,4143786.6666666665,229546.66666666666,1.4560546875,402,0
2026-10-04 10:52:17,6.1,77.9,16.1,5273.166666666667,65.5,5461.333333333333,0.0,1.41943359375,402,0
2026-10-04 10:52:23,25.6,77.9,16.1,6372.666666666667,2478.6666666666665,17749.333333333332,259413.33333333334,1.3857421875,403,0
2026-10-04 10:52:29,11.2,77.8,16.1,4935.0,3672.3333333333335,1459541.3333333333,211968.0,1.67529296875,404,0
2026-10-04 10:52:35,24.0,78.0,16.1,6449.333333333333,4904.166666666667,692224.0,189269.33333333334,1.62109375,402,0
2026-10-04 10:52:41,22.3,77.9,16.1,7939.666666666667,4594.0,113322.66666666667,194901.33333333334,1.68603515625,402,0
2026-10-04 10:52:47,37.8,78.1,17.3,6615.666666666667,10531.5,35498.666666666664,193446229.33333334,1.71142578125,403,1
2026-10-04 10:52:53,29.4,78.1,21.1,5533.833333333333,53.5,47786.666666666664,793485994.6666666,2.21533203125,404,1
2026-10-04 10:52:59,12.6,78.0,22.3,5311.166666666667,693.8333333333334,4096.0,411601408.0,2.11767578125,404,1
2026-10-04 10:53:05,43.2,78.0,22.3,5483.833333333333,3576.1666666666665,25941.333333333332,428544.0,2.3486328125,402,1
2026-10-04 10:53:11,34.7,77.0,16.1,6374.0,3658.3333333333335,17749.333333333332,252416.0,2.30126953125,401,0
2026-10-04 10:53:17,14.2,77.2,16.1,5403.666666666667,2643.8333333333335,8192.0,268970.6666666667,2.19677734375,401,0
2026-10-04 10:53:23,5.1,77.3,16.1,5442.833333333333,26.666666666666668,4096.0,18944.0,2.1005859375,401,0
